Protein_ID,Full_Length,Signal_Peptide_Type,Signal_Peptide,Mature_Sequence,Signal_Peptide_Pos,Mature_Sequence_Pos,Prediction_Probability
tr|I6X811|I6X811_MYCTU,541,LIPO,MVRQMRAALAALATGLLVLAPVAG,CGGGVLSPDVVLVNGGEPPNPLIPTGTNDSNGGRIIDRLFAGLMSYDAVGKPSLEVAQSIESADNVNYRITVKPGWKFTDGSPVTAHSFVDAWNYGALSTNAQLQQHFFSPIEGFDDVAGAPGDKSRTTMSGLRVVNDLEFTVRLKAPTIDFTLRLGHSSFYPLPDSAFRDMAAFGRNPIGNGPYKLADGPAGPAWEHNVRIDLVPNPDYHGNRKPRNKGLRFEFYANLDTAYADLLSGNLDVLDTIPPSALTVYQRDLGDHATSGPAAINQTLDTPLRLPHFGGEEGRLRRLALSAAINRPQICQQIFAGTRSPARDFTARSLPGFDPNLPGNEVLDYDPQRARRLWAQADAISPWSGRYAIAYNADAGHRDWVDAVANSIKNVLGIDAVAAPQPTFAGFRTQITNRAIDSAFRAGWRGDYPSMIEFLAPLFTAGAGSNDVGYINPEFDAALAAAEAAPTLTESHELVNDAQRILFHDMPVVPLWDYISVVGWSSQVSNVTVTWNGLPDYENIVKA,1-24,25-541,0.9927
tr|O07423|O07423_MYCTU,369,SP,MWIRAERVAVLTPTASLRRLTACYAALAVCAALACTTGQPAARA,ADGREMLAQAIATTRGSYLVYNFGGGHPMPLLNAGGHWYEMNNGGHLMIIKNASQRLSPHLLVDTHTGDQARCEHNPGARTGEGLWQASEIYPPLKAWQRMGRPTIAVNANFFDVRGQKGGSWRSTGCSSPLGAYVDNTRGQGRANQAVTGTVAYAGKQGLSGGNELWSSLTTMILPVGGAPYVLRPKSRQDYDLATPVIEDLLNKNARFVAVAGIGLLSPGNTGQLHDGGPSAARTALAYAKQKDEMYIFQGGNYTPDNIQDLFRGLGSDTAILLDGGGSSAIVLRRDTGGMWAGAGSPKGSCDTRQVLCDSHERALPSWLAFN,1-44,45-369,0.4662
tr|O69699|O69699_MYCTU,352,SP,MAVLPACRLGLVVCVATAVITATMVLATPSYA,CACGAAVTAHGSQATLNHEVALLHWDGTTETIVMQLAMNADTDNVALVVPTPTPAIVTTADQSTFGELDTLSAPLIEHQRHWSLRRGVGASGPQEAAARAPHVLNQVRLGPLEATTLTGGDLSGLQTWLSDNGYAIRPAVSAALDPYVRDGWAFVAIRLTSTDLIVGGLDPVRMTFRSSRLVYPMRLSVAAQEPQHVTIFTLSDHRQQRTDADAATQTTHVRFAGDMSTAVRDPLLRELIGNHGSYLTKVEVDIYQTSRISSDFTFGNAPNDDPYRQVVTVYDDVALPPLLLVVVSAIAVGAAGGAVVVVLRRRRRAHTG,1-32,33-352,0.9683
tr|P71969|P71969_MYCTU,528,LIPO,MATVVGMSRPMTSTAMLVALTCSATVLAA,CVPAFGADPRFATYSGAGPQGAATTTPPPAGPPPLAAPKNDLSWHDCTSRVYSNAGIPAAPGVKLECASYDTDLDPLVGGSTAVSIGVVRARSNQTPSDAGPLVFTTGSDLPSSTQLPVWLAHAGIDVLRSHPIVAVDRRGMGMSSPIDCRDHFDRDEMRDQAQFQAGDDPVANLSDISNTATTDCTDAIAPGESAYDNTHAASDIERLRKLWDVPALAFVGIGNGTQVALAYAASRPDNVARLILDSPIALGVSAEAAAEQQVQGQQAALDAFAAQCVAVNCALGSHPKGAVSALLSAARSGDGPGGASVAAVANAVATALGFPDSGRVDSTTKLADALAAARSGDMNLLSALINRADTTRDTDGQFISSCSDAVNRPTPDRVRELVVAWGKLYPQFGAVAALNLVKCVHWPSSSPPQPPKDLKVDVLLLGVQNDPIVGNEGVAATAATAINANAASKRVMWQGIGHGASIYSSCAVPPLVAYLDTGKLPDTDTYCPA,1-29,30-528,0.9209
tr|I6XVY0|I6XVY0_MYCTU,280,LIPO,MLRRVAILLAAVLAFAG,CSGGTRLAAGFGNGNSVHTLDVDGAGRSYRLYKPVGLPSSAPLVVMLHGGFGSAKQAERSYGWDELADSEKFLVAYPDGYHRAWNANGGGCCGRPAREGVDDIGFVRAVVADIANNVSIDPARVYVTGMSNGAIMSYTLACNTSIFAAIGVVSGTQLDPCQSPRPVSVIHIHGTADPLVRYHGGPGAGFARIDGPPVPDLNAFWREVNRCGALDTTTEGPVTTSGATCADNRRVVLLTVDDAGHRWPSFATQTLWRFFAAHFR,1-17,18-280,0.9954
sp|I6Y4D2|PEPAM_MYCTU,241,SP,MIVGVLVAAATPIISSASA,TPANIAGMVVFIDPGHNGANDASIGRQVPTGRGGTKNCQASGTSTNSGYPEHTFTWETGLRLRAALNALGVRTALSRGNDNALGPCVDERANMANALRPNAIVSLHADGGPASGRGFHVNYSAPPLNAIQAGPSVQFARIMRDQLQASGIPKANYIGQDGLYGRSDLAGLNLAQYPSILVELGNMKNPADSALMESAEGRQKYANALVRGVAGFLATQGQAR,1-19,20-241,0.7936
tr|O05592|O05592_MYCTU,567,LIPO,MVLRSRKSTLGVVVCLALVLGGPLNG,CSSSASHRGPLNAMGSPAIPSTAQEIPNPLRGQYEDLMEPLFPQGNPAQQRYPPWPASYDASLRVSWRQLQPTDPRTLPPDAPDDRKYDFSVIDNALTRLADRGMRLTLRVYAYSSCCKASYPDGTNIAIPDWERAIASTNTSYPGPATDPSTGVVQVVPNFNDSTYLNDFAQLLAALGRRYDGDERLSVFEFSGYGDFSENHVAYLRDTLGAPGPGPDESVATLGYYSQFRDQNITTASIKQLIAANVSAFPHTQLVTSPANPEIVRELFADEVTNKLAAPVGVRSDCLGVDAPLPAWAESSTSHYVQTKDPVVAALRQRLATAPVITEWCELPTGSSPRAYYEKGLRDVIRYHVSMTSSVNFPDQTATSPMDPALYLVWAQANAAAGYRYSVEAQPGSQALAGKVATISVTWTNYGAAAATEKWVPGYRLVDSTGQVVRTLPAAVDLKTLVSDQRGDRSSDQPTPASVAETVRVDLSGLPAGHYTLRAAIDWQQHKPNGSHVVNYPPMLLSRDGRDDSGFYPVATLDIPRDAQTAVNAS,1-26,27-567,0.81
sp|P9WI87|PILIN_MYCTU,103,SP,MYRFACRTLMLAACILATGVAGLGVGAQSAA,QTAPVPDYYWCPGQPFDPAWGPNWDPYTCHDDFHRDSDGPDHSRDYPGPILEGPVLDDPGAAPPPPAAGGGA,1-31,32-103,0.943
tr|O33346|O33346_MYCTU,603,LIPO,MVTKTTLASATSGLLLLAVVAMSG,CTPRPQGPGPAAEKFFAALAIGDTASAAQLSDNPNEAREALNAAWAGLQAAHLDAQVLSAKYAEDTGTVAYRFSWHLPKDRIWTYDGQLKMARDEGRWHVRWTTSGLHPKLGEHQTFALRADPPRRASVNEVGGTDVLVPGYLYHYSLDAGQAGRELFGTAHAVVGALHPFDDTLNDPQLLAEQASSSTQPLDLVTLHADDSNRVAAAIGQLPGVVITPQAELLPTDKHFAPAVLNDVKKAVVDELDGKAGWRVVSVNQNGVDVSVLHEVAPSPASSVSITLDRVVQNAAQHAVNTRGGKAMIVVIKPSTGEILAIAQNAGADADGPVATTGLYPPGSTFKMITAGAAVERDLATPETLLGCPGEIDIGHRTIPNYGGFDLGVVPMSRAFASSCNTTFAELSSRLPPRGLTQAARRYGIGLDYQVDGITTVTGSVPPTVDLAERTEDGFGQGKVLASPFGMALVAATVAAGKTPVPQLIAGRPTAVEGDATPISQKMIDALRPMMRLVVTNGTAKEIAGCGEVFGKTGEAEFPGGSHSWFAGYRGDLAFASLIVGGGSSEYAVRMTKVMFESLPPGYLA,1-24,25-603,0.9962
tr|P71965|P71965_MYCTU,173,SP,MRHWLIVLATLLVAAAGVAAANDVPRAWA,GDAPIGHIGDTLRVDTGTYVADVTVSSVVPVDPPPGFGYTRSGVPVKSFPDSSVTRADVTVRAVRVPNSFILATNFSFTGVTPFADAYKPRPCDASDWLDAALGNAPQGSIVRGGVYWDAYRDPVSVVVLLDEKTGQHLAQWNL,1-29,30-173,0.4916
sp|P9WGU3|MODA_MYCTU,261,LIPO,MRWIGLSTGLVSAMLVAGLVA,CGSNSPASSPAGPTQGARSIVVFAAASLQSAFTQIGEQFKAGNPGVNVNFAFAGSSELATQLTQGATADVFASADTAQMDSVAKAGLLAGHPTNFATNTMVIVAAAGNPKKIRSFADLTRPGLNVVVCQPSVPCGSATRRIEDATGIHLNPVSEELSVTDVLNKVITGQADAGLVYVSDALSVATKVTCVRFPEAAGVVNVYAIAVLKRTSQPALARQFVAMVTAAAGRRILDQSGFAKP,1-21,22-261,0.9971
sp|P9WK57|LPQV_MYCTU,139,LIPO,MRPSRYAPLLCAMVLALAWLSAVAG,CSRGGSSKAGRSSSVAGTLPAGVVGVSPAGVTTRVDAPAESTEEEYYQACHAARLWMDAQPGSGESLIEPYLAVVQASPSGVAGSWHIRWAALTPARQAAVIVAARAAANAECG,1-25,26-139,0.9845
sp|P9WKL3|Y559_MYCTU,112,SP,MKGTKLAVVVGMTVAAVSLAAPAQA,DDYDAPFNNTIHRFGIYGPQDYNAWLAKISCERLSRGVDGDAYKSATFLQRNLPRGTTQGQAFQFLGAAIDHYCPEHVGVLQRAGTR,1-25,26-112,0.9719
tr|O07775|O07775_MYCTU,103,SP,MNRIVQFGVSAVAAAAIGIGAGSGIAAA,FDGEDEVTGPDADRARAAAVQAVPGGTAGEVETETGEGAAAYGVLVTRPDGTRVEVHLDRDFRVLDTEPADGDGG,1-28,29-103,0.9454
tr|P95291|P95291_MYCTU,371,LIPO,MDSTVTASIRRMLGLLAATLLLGG,CTGQHTTRTAASTTYTPHIKASSQDVLDGAINADEPGCSAAVGVEGKVIWSGVRGIADLASGAKITTDTVFDIASVSKQFTATAILLLVEAGKLTLDDPISQYVPELPDWAQTVTVEQLMHQTSGIPDYVALLAARGYQVSDRTIEAEARQALAAAPELQFKPGTRFDYSNSNYLLLGEIVHRASGQPLPEFLSAEIFQPLGLAMVVDPVGKVPNKAVSYEKGTGGNRSEYRVGNPAWEQIGDGGIQTTPSQLARWADNYRTGSVGGLKLLEAQLAGAVETEPGGGDRYGAGIVSRADGTLDHAGAWAGFVTAFHISSDRRTSVAISCNTDKPDPVAMADALGRLWM,1-24,25-371,0.9964
sp|I6XEI5|LYS25_MYCTU,240,TAT,MSVSRRDVLKFAAATPGVLGLGVVASSLRAAPASA,GSLGTLLDYAAGVIPASQIRAAGAVGAIRYVSDRRPGGAWMLGKPIQLSEARDLSGNGLKIVSCYQYGKGSTADWLGGASAGVQHARRGSELHAAAGGPTSAPIYASIDDNPSYEQYKNQIVPYLRSWESVIGHQRTGVYANSKTIDWAVNDGLGSYFWQHNWGSPKGYTHPAAHLHQVEIDKRKVGGVGVDVNQILKPQFGQWA,1-35,36-240,0.4715
tr|I6XF52|I6XF52_MYCTU,699,SP,MNGQRGQLSTLIGRTLLGLAATAVTAVLLAPTVAA,SPMGDAEDAMMAAWEKAGGDTSTLGVRKGDVYPIGDGFALDFAGGKMFFTPATGAKYLYGPLLDKYESLGGAADSDLGFPTINEVPGLAGPDSRVSTFSAADNPVIFWTPEHGAFVVRGALNAAWDKLGSSGGVLGAPVGDETYDGEVTAQKFSGGEVSWNRATKEFTTVPAVLAEQLKGLQVAIDPSAAINMAWRAAGGAAGPLGAKKGGQYPIGGDGIAQDFVGGKVFFSPATGANAVEGEILAKYESLGGPVSSDLGFPIANETDGGFGPSSRIVRFSAADKPVIFWTPDHGAFVVRGAMVAAWDKLRGPNGKLGAPVGDQTVDGDVVSQKFTGGMISWNRAKNTFTTDPANLAPLLSGLQVSGQNQPSTSAMPPPGKKFTWHWWWLGAAALGVLLVVMVALVVFGLRRRRRGYDAAAYDDDRAGDVEYGTAADGDWPPDEDFGSEHFGFGDQFPPEPVAPDAGSTPRVSWPRGAGAAVGDAEHLPGEEGYGSDLLSGPSNVGVEEEDTDAVDTTPTPVVSQADLSEVGPDLIVPERVVPETFVPQAFVPEAVAPEAVPPDVHAADLADTGLPAAAVSAAEDRGGRHAAAEPPEPPSAGVRPAIHLPLEDPYQMPNGYPVKASVSFGLYYPPGSALYHDTLAELWFASEEVAQVNGFIRAD,1-35,36-699,0.974
tr|I6Y2A3|I6Y2A3_MYCTU,209,LIPO,MVGLTRPLLLCGATLLIAA,CTRVVGGTASATFGGDRQGMLDVATILLDQSRMQAITGSGDDLTIIPTMDTTYPVDVDDFAQPIPRECRFIYAETAVFGSEIEAFHKTTFQDRPDGSLISEAAAAYRDAGTARRAFDTLAVTVHDCAASPAGWLFVSRWTAGGNSLHIRAGDCGRDYRVLSAALLEVTFCGFPESVSDIVMTNIAANVPG,1-19,20-209,0.997
sp|I6Y3P1|LPRN_MYCTU,384,LIPO,MNRIWLRAIILTASSALLAG,CQFGGLNSLPLPGTAGHGEGAYSVTVEMADVATLPQNSPVMVDDVTVGSVAGIVAVQRPDGSFYAAVKLDLDKNVLLPANAVAKVSQTSLLGSLHVELAPPTDRPPTGRLVDGSRITEANTDRFPTTEEVFSALGVVVNKGNVGALEEIIDETHQAVAGRQAQFVNLVPRLAELTAGLNRQVHDIIDALDGLNRVSAILARDKDNLGRALDTLPDAVRVLNQNRDHIVDAFAALKRLTMVTSHVLAETKVDFGEDLKDLYSIVKALNDDRKDFVTSLQLLLTFPFPNFGIKQAVRGDYLNVFTTFDLTLRRIGETFFTTAYFDPNMAHMDEILNPPDFLIGELANLSGQAADPFKIPPGTASGQ,1-20,21-384,0.9963
tr|O53975|O53975_MYCTU,125,SP,MQRQSLMPQQTLAAGVFVGALLCGVVTAAVPPHARA,DVVAYLVNVTVRPGYNFANADAALSYGHGLCEKVSRGRPYAQIIADVKADFDTRDQYQASYLLSQAVNELCPALIWQLRNSAVDNRRSG,1-36,37-125,0.9492
tr|O86313|O86313_MYCTU,411,SP,MHIGGRWGARPAVAAVRRGACRLTRAPAFGVAAIAPLVFASAVGSA,APVFPGRTAPVHAVITPVAAVAASGIDLSGPVVIAMKRPPTSFRVAVATISAPPPPMIVNSPGALGIPAMALSAYRNAELKMAAAAPGCGVSWNLLAGIGRIESMHANGGATDARGTAIQPIYGPTLDGTLPGNEIIIQSSVGNRVTYARAMGPMQFLPGTWARYATDGDDDGVADPQNLFDSTLAAARYLCSGGLNLRDPAQVMAALLRYNNSMPYAQNVLGWAAGYATGVFPVDLPPITGPPPPLGDAHLENPEGLGPGLPINVNGLTADGPMAHLPLIDLTPRQAALNPPPMFPWMAPDPSAPMPGCTLICIGSHGPPVGAPPFPPTAPPPPFLPAAPPPPDPLAGPPGDAGLAPPAPAPAG,1-46,47-411,0.4793
sp|P9WK45|LPRG_MYCTU,236,LIPO,MRTPRRHCRRIAVLAAVSIAATVVAG,CSSGSKPSGGPLPDAKPLVEEATAQTKALKSAHMVLTVNGKIPGLSLKTLSGDLTTNPTAATGNVKLTLGGSDIDADFVVFDGILYATLTPNQWSDFGPAADIYDPAQVLNPDTGLANVLANFADAKAEGRDTINGQNTIRISGKVSAQAVNQIAPPFNATQPVPATVWIQETGDHQLAQAQLDRGSGNSVQMTLSKWGEKVQVTKPPVS,1-26,27-236,0.9963
sp|P9WKV9|Y477_MYCTU,148,SP,MKALVAVSAVAVVALLGVSSAQA,DPEADPGAGEANYGGPPSSPRLVDHTEWAQWGSLPSLRVYPSQVGRTASRRLGMAAADAAWAEVLALSPEADTAGMRAQFICHWQYAEIRQPGKPSWNLEPWRPVVDDSEMLASGCNPGSPEESF,1-23,24-148,0.9741
sp|O05461|MYCP1_MYCTU,446,SP,MHRIFLITVALALLTASPASA,ITPPPIDPGALPPDVTGPDQPTEQRVLCASPTTLPGSGFHDPPWSNTYLGVADAHKFATGAGVTVAVIDTGVDASPRVPAEPGGDFVDQAGNGLSDCDAHGTLTASIIAGRPAPTDGFVGVAPDARLLSLRQTSEAFEPVGSQANPNDPNATPAAGSIRSLARAVVHAANLGVGVINISEAACYKVSRPIDETSLGASIDYAVNVKGVVVVVAAGNTGGDCVQNPAPDPSTPGDPRGWNNVQTVVTPAWYAPLVLSVGGIGQTGMPSSFSMHGPWVDVAAPAENIVALGDTGEPVNALQGREGPVPIAGTSFAAAYVSGLAALLRQRFPDLTPAQIIHRITATARHPGGGVDDLVGAGVIDAVAALTWDIPPGPASAPYNVRRLPPPVVEPGPDRRPITAVALVAVGLTLALGLGALARRALSRR,1-21,22-446,0.9746
tr|O07175|O07175_MYCTU,355,SP,MSNSRRRSLRWSWLLSVLAAVGLGLATAPAQA,APPALSQDRFADFPALPLDPSAMVAQVGPQVVNINTKLGYNNAVGAGTGIVIDPNGVVLTNNHVIAGATDINAFSVGSGQTYGVDVVGYDRTQDVAVLQLRGAGGLPSAAIGGGVAVGEPVVAMGNSGGQGGTPRAVPGRVVALGQTVQASDSLTGAEETLNGLIQFDAAIQPGDSGGPVVNGLGQVVGMNTAASDNFQLSQGGQGFAIPIGQAMAIAGQIRSGGGSPTVHIGPTAFLGLGVVDNNGNGARVQRVVGSAPAASLGISTGDVITAVDGAPINSATAMADALNGHHPGDVISVTWQTKSGGTRTGNVTLAEGPPA,1-32,33-355,0.9732
tr|O07246|O07246_MYCTU,220,SP,MGRHELARDRRKSSAVLAAVLAPAAVFFATGGDVSTLAARA,DANPVLGDDAPCCVQIVPVAPLAFSSQISGGEIGTGLAASQFASASRWRIVSRYLPVGVAPEQGLQVKTVLTARSISAAFPEIREIGGVRPDALRWHPNGLALDVMVPNPGTAEGIALGNEIVAFVLKNATRFGMQDVIWRGAYYTPNGARTTGAGHYDHIHITTVGGGYPTGEELYIR,1-41,42-220,0.5897
tr|O50416|O50416_MYCTU,236,LIPO,MAKRTPVRKACTVLAVLAATLLLGA,CGGPTQPRSITLTFIRNAQSQANADGIIDTDMPGSGLSADGKAEAQQVAHQVSRRDVDSIYSSPMAADQQTAGPLAGELGKQVEILPGLQAINAGWFNGKPESMANSTYMLAPADWLAGDVHNTIPGSISGTEFNSQFSAAVRKIYDSGHNTPVVFSQGVAIMIWTLMNARNSRDSLLTTHPLPNIGRVVITGNPVTGWRLVEWDGIRNFT,1-25,26-236,0.997
tr|O86337|O86337_MYCTU,180,LIPO,MRRVLVGAAALITALLVLTG,CTKSISGTAVKAGGAGVPRNNNSQERYPNLLKECEVLTTDILAKTVGADPLDIQSTFVGAICRWQAANPAGLIDITRFWFEQGSLSNERKVAEGLKYQVETRAIQGVDSIVMRTGDPNGACGVASDAAGVVGWWVNPQAPGIDACGQAIKLMELTLATNA,1-20,21-180,0.9957
sp|P9WKF3|KDPA_MYCTU,571,SP,MSGTSWLQFAALIAVLLLTAPALG,GYLAKIYGDEAKKPGDRVFGPIERVIYQVCRVDPGSEQRWSTYALSVLAFSVMSFLLLYGIARFQGVLPFNPTDKPAVTDHVAFNAAVSFMTNTNWQSYSGEATMSHFTQMTGLAVQNFVSASAGMCVLAALIRGLARKRASTLGNFWVDLARTVLRIMFPLSFVVAILLVSQGVIQNLHGFIVANTLEGAPQLIPGGPVASQVAIKQLGTNGGGFFNVNSAHPFENYTPIGNFVENWAILIIPFALCFAFGKMVHDRRQGWAVLAIMGIIWIGMSVAAMSFEAKGNPRLDALGVTQQTTVDQSGGNLEGKEVRFGVGASGLWAASTTGTSNGSVNSMHDSYTPLGGMVPLAHMMLGEVSPGGTGVGLNGLLVMAILAVFIAGLMVGRTPEYLGKKIQATEMKLVTLYILAMPIALLSFAAASVLISSALASRNNPGPHGLSEILYAYTSGANNNGSAFAGLTASTWSYDTTIGVAMLIGRFFLIIPVLAIAGSLARKGTTPVTAATFPTHKPLFVGLVIGVVLIVGGLTFFPALALGPIVEQLSTQ,1-24,25-571,0.9762
tr|I6X7X3|I6X7X3_MYCTU,240,LIPO,MIRLVRHSIALVAAGLAAALSG,CDSHNSGSLGADPRQVTVFGSGQVQGVPDTLIADVGIQVTAADVTSAMNQTNDRQQAVIDALVGAGLDRKDIRTTRVTVAPQYSNPEPAGTATITGYRADNDIEVKIHPTDAASRLLALVVSTGGDATRISSVSYSIGDDSQLVKDARARAFQDAKNRADQYAQLSGLRLGKVISISEASGAAPTHEAPAPPRGLSAVPLEPGQQTVGFSVTVVWELT,1-22,23-240,0.9961
sp|I6Y204|DACB2_MYCTU,291,SP,MRKLMTATAALCACAVTVSAGAAWA,DADVQPAGSVPIPDGPAQTWIVADLDSGQVLAGRDQNVAHPPASTIKVLLALVALDELDLNSTVVADVADTQAECNCVGVKPGRSYTARQLLDGLLLVSGNDAANTLAHMLGGQDVTVAKMNAKAATLGATSTHATTPSGLDGPGGSGASTAHDLVVIFRAAMANPVFAQITAEPSAMFPSDNGEQLIVNQDELLQRYPGAIGGKTGYTNAARKTFVGAAARGGRRLVIAMMYGLVKEGGPTYWDQAATLFDWGFALNPQASVGSL,1-25,26-291,0.9716
tr|O06237|O06237_MYCTU,358,LIPO,MLTGNKPAVQRRFIGLLMLSVLVAG,CSSNPLANFAPGYPPTIEPAQPAVSPPTSQDPAGAVRPLSGHPRAALFDNGTRQLVALRPGADSAAPASIMVFDDVHVAPRVIFLPGPAAALTSDDHGTAFLAARGGYFVADLSSGHTARVNVADAAHTDFTAIARRSDGKLVLGSADGAVYTLAKNPAVDPASGAATVASRTKIFARVDALVTQGNTTVVLDRGQTSVTTIGADGHAQQALRAGQGATTMAADPLGRVLIADTRGGQLLVYGVDPLILRQAYPVRQAPYGLAGSRELAWVSQTASNTVIGYDLTTGIPVEKVRYPTVQQPNSLAFDETSDTLYVVSGSGAGVQVIEHAAGTR,1-25,26-358,0.9957
sp|P9WGT9|PSTS2_MYCTU,370,LIPO,MKFARSGAAVSLLAAGTLVLTA,CGGGTNSSSSGAGGTSGSVHCGGKKELHSSGSTAQENAMEQFVYAYVRSCPGYTLDYNANGSGAGVTQFLNNETDFAGSDVPLNPSTGQPDRSAERCGSPAWDLPTVFGPIAITYNIKGVSTLNLDGPTTAKIFNGTITVWNDPQIQALNSGTDLPPTPISVIFRSDKSGTSDNFQKYLDGASNGAWGKGASETFNGGVGVGASGNNGTSALLQTTDGSITYNEWSFAVGKQLNMAQIITSAGPDPVAITTESVGKTIAGAKIMGQGNDLVLDTSSFYRPTQPGSYPIVLATYEIVCSKYPDATTGTAVRAFMQAAIGPGQEGLDQYGSIPLPKSFQAKLAAAVNAIS,1-22,23-370,0.9959
sp|P9WHR5|CAEB_MYCTU,520,SP,MAAMWRRRPLSSALLSFGLLLGGLPLAAPPLAGA,TEEPGAGQTPGAPVVAPQQSWNSCREFIADTSEIRTARCATVSVPVDYDQPGGTQAKLAVIRVPATGQRFGALLVNPGGPGASAVDMVAAMAPAIADTDILRHFDLVGFDPRGVGHSTPALRCRTDAEFDAYRRDPMADYSPAGVTHVEQVYRQLAQDCVDRMGFSFLANIGTASVARDMDMVRQALGDDQINYLGYSYGTELGTAYLERFGTHVRAMVLDGAIDPAVSPIEESISQMAGFQTAFNDYAADCARSPACPLGTDSAQWVNRYHALVDPLVQKPGKTSDPRGLSYADATTGTINALYSPQRWKYLTSGLLGLQRGSDAGDLLVLADDYDGRDADGHYSNDQDAFNAVRCVDAPTPADPAAWVAADQRIRQVAPFLSYGQFTGSAPRDLCALWPVPATSTPHPAAPAGAGKVVVVSTTHDPATPYQSGVDLARQLGAPLITFDGTQHTAVFDGNQCVDSAVMHYFLDGTLPPTSLRCAP,1-34,35-520,0.9709
tr|O05582|O05582_MYCTU,252,LIPO,MRPPLAPQFAADLLVKTVSTLRSSGAALGRLTTMRKAVLAVGSVCWLVG,CSSGASSTTASTGDIAKVAEVKSGFGPEYTVTDVTPRAIDPGFFSARKLPDGLSFDPANCAQVAAGPQLPTGLQGNMAAVSAEGNGNRFVVIAVETSQPLPAPSPGKDCSKVTFSGTQLRGGIEVVDVPHIDGTQTLGVHRVLQAVVGGSARTGELYDYSARFGDYQVIVIANPLVIPGRPVARVDTQRARDLLVQAVAAVRG,1-49,50-252,0.8375
sp|O53945|MYCP5_MYCTU,585,SP,MQRFGTGSSRSWCGRAGTATIAAVLLASGALTGLPPAYA,ISPPTIDPGALPPDGPPGPLAPMKQNAYCTEVGVLPGTDFQLQPKYMEMLNLNEAWQFGRGDGVKVAVIDTGVTPHPRLPRLIPGGDYVMAGGDGLSDCDAHGTLVASMIAAVPANGAVPLPSVPRRPVTIPTTETPPPPQTVTLSPVPPQTVTVIPAPPPEEGVPPGAPVPGPEPPPAPGPQPPAVDRGGGTVTVPSYSGGRKIAPIDNPRNPHPSAPSPALGPPPDAFSGIAPGVEIISIRQSSQAFGLKDPYTGDEDPQTAQKIDNVETMARAIVHAANMGASVINISDVMCMSARNVIDQRALGAAVHYAAVDKDAVIVAAAGDGSKKDCKQNPIFDPLQPDDPRAWNAVTTVVTPSWFHDYVLTVGAVDANGQPLSKMSIAGPWVSISAPGTDVVGLSPRDDGLINAIDGPDNSLLVPAGTSFSAAIVSGVAALVRAKFPELSAYQIINRLIHTARPPARGVDNQVGYGVVDPVAALTWDVPKGPAEPPKQLSAPLVVPQPPAPRDMVPIWVAAGGLAGALLIGGAVFGTATLMRRSRKQQ,1-39,40-585,0.958
tr|O53976|O53976_MYCTU,221,SP,MSRRASATCALSATTAVAIMAAPAARA,DDKRLNDGVVANVYTVQRQAGCTNDVTINPQLQLAAQWHTLDLLNNRHLNDDTGSDGSTPQDRAHAAGFRGKVAETVAINPAVAISGIELINQWYYNPAFFAIMSDCANTQIGVWSENSPDRTVVVAVYGQPDRPSAMPPRGAVTGPPSPVAAQENVPIDPSPDYDASDEIEYGINWLPWILRGVYPPPAMPPQ,1-27,28-221,0.9695
sp|P9WFN3|LPPC_MYCTU,201,LIPO,MTSTLHRTPLATAGLALVVALGG,CGGGGGDSRETPPYVPKATTVDATTPAPAAEPLTIASPMFADGAPIPVQFSCKGANVAPPLTWSSPAGAAELALVVDDPDAVGGLYVHWIVTGIAPGSGSTADGQTPAGGHSVPNSGGRQGYFGPCPPAGTGTHHYRFTLYHLPVALQLPPGATGVQAAQAIAQAASGQARLVGTFEG,1-23,24-201,0.8248
sp|P9WGT7|PSTS3_MYCTU,370,LIPO,MKLNRFGAAVGVLAAGALVLSA,CGNDDNVTGGGATTGQASAKVDCGGKKTLKASGSTAQANAMTRFVNVFEQACPGQTLNYTANGSGAGISEFNGNQTDFGGSDVPLSKDEAAAAQRRCGSPAWNLPVVFGPIAVTYNLNSVSSLNLDGPTLAKIFNGSITQWNNPAIQALNRDFTLPGERIHVVFRSDESGTTDNFQRYLQAASNGAWGKGAGKSFQGGVGEGARGNDGTSAAAKNTPGSITYNEWSFAQAQHLTMANIVTSAGGDPVAITIDSVGQTIAGATISGVGNDLVLDTDSFYRPKRPGSYPIVLATYEIVCSKYPDSQVGTAVKAFLQSTIGAGQSGLGDNGYIPIPDEFKSRLSTAVNAIA,1-22,23-370,0.9862
sp|P9WLP3|Y1995_MYCTU,255,TATLIPO,MVASGAATKGVTVMKQTPPAAVGRRHLLEISASAAGVIALSA,CSGSPPEPGKGRPDTTPEQEVPVTAPEDLMREHGVLKRILLIYREGIRRLQADDQSPAPALNESAQIIRRFIEDYHGQLEEQYVFPKLEQAGKLTDITSVLRTQHQRGRVLTDRVLAATTAAAAFDQPARDTLAQDMAAYIRMFEPHEAREDTVVFPALRDVMSAVEFRDMAETFEDEEHRRFGEAGFQSVVDKVADIEKSLGIYDLSQFTPS,1-42,43-255,0.8428
sp|P9WP91|COBS_MYCTU,249,SP,MMRSLATAFAFATVIPTPGSA,TTPMGRGPMTALPVVGAALGALAAAIAWAGAQVFGPSSPLSGMLTVAVLLVVTRGLHIDGVADTADGLGCYGPPQRALAVMRDGSTGPFGVAAVVLVIALQGLAFATLTTVGIAGITLAVLSGRVTAVLVCRRLVPAAHGSTLGSRVAGTQPAPVVAAWLAVLLAVSVPAGPRPWQGPIAVLVAVTAGAALAAHCVHRFGGVTGDVLGSAIELSTTVSAVTLAGLARL,1-21,22-249,0.7243
tr|Q6MWX4|Q6MWX4_MYCTU,208,SP,MQSRKTTSVLAAALLFCGLLGPGTAPPATG,GGPACRPAELFATDNTTDGFELPAVATIALTGTVVTGSTLVDGVFWSNERQQIGYERSREFHLCVVDAPTLHNAAEALHRQFNQEAVLTFDYLPQNAPEADAILITVPDIGIARFRDAFASDLAAHHRLRGGSVTTADHTLILVAGNGDLDVARRLVEEAGGDWNATTIAHGRREFVN,1-30,31-208,0.949
tr|I6XYM2|I6XYM2_MYCTU,182,LIPO,MTHSRLIGALTVVAIIVTA,CGSQPKSQPAVAPTGDAAAATQVPAGQTVPAQLQFSAKTLDGHDFHGESLLGKPAVLWFWAPWCPTCQGEAPVVGQVAASHPEVTFVGVAGLDQVPAMQEFVNKYPVKTFTQLADTDGSVWANFGVTQQPAYAFVDPHGNVDVVRGRMSQDELTRRVTALTSR,1-19,20-182,0.9972
tr|O07222|O07222_MYCTU,118,SP,MQLQRTMGQCRPMRMLVALLLSAATMIGLAAPGKA,DPTGDDAAFLAALDQAGITYADPGHAITAAKAMCGLCANGVTGLQLVADLRDYNPGLTMDSAAKFAAIASGAYCPEHLEHHPS,1-35,36-118,0.9645
tr|P95206|P95206_MYCTU,213,SP,MGVIARVVGVAACGLSLAVLAAAPTAGA,EPTGALPPMTSSGSGPVIGDGDAALRQRISQQLFSFGDPTVQEVDGSDAAQFITAAAAVADRDVASVFLPLQRVLGCQQNTAGSGAGFGARAYRRTDGQWGGAMLVVAKSTVSDVDALKACVKSGWRKATAGTPTSMCNNGWTYPPFADTRRGEEGYFVLLAGTASDFCSAPNANYRTTASSWPG,1-28,29-213,0.9719
sp|P9WK49|LPRE_MYCTU,202,LIPO,MPGVWSPPCPTTPRVGVVAALVAATLTG,CGSGDSTVAKTPEATPSLSTAHPAPPSSEPSPPSATAAPPSNHSAAPVDPCAVNLASPTIAKVVSELPRDPRSEQPWNPEPLAGNYNECAQLSAVVIKANTNAGNPTTRAVMFHLGKYIPQGVPDTYGFTGIDTSQCTGDTVALTYASGIGLNNVVKFRWNGGGVELIGNTTGG,1-28,29-202,0.9934
sp|P9WLX7|Y1424_MYCTU,253,LIPO,MTV,VPGAPSRPASAVSRPSYRQCVQASAQTSARRYSFPSYRRPPAEKLVFPVLLGILTLLLSACQTASASGYNEPRGYDRATLKLVFSMDLGMCLNRFTYDSKLAPSRPQVVACDSREARIRNDGFHANAPSCMRIDYELITQNHRAYYCLKYLVRVGYCYPAVTTPGKPPSVLLYAPSACDESLPSPRVATALVPGTRSANREFSRFVVTEIKSLGAGGRCDSASVSLQPPEEIEGPAIPPASSQLVCVAPK,1-3,4-253,0.6174
tr|I6X8E6|I6X8E6_MYCTU,112,SP,MKLKFARLSTAILGCAAALVFPASVASA,DPPDPHQPDMTKGYCPGGRWGFGDLAVCDGEKYPDGSFWHQWMQTWFTGPQFYFDCVSGGEPLPGPPPPGGCGGAIPSEQPNAP,1-28,29-112,0.9641
tr|O53246|O53246_MYCTU,321,LIPO,MAGAKHAGRIVAITTAAAVILAA,CSSGSKGGAGSGHAGKARSAVTTTDADWKPVADALGRSGKLGDNNTAYRINLPRNDLHITSYGVDIKPGLSLGGYAAFARYDNNETLLMGDLVITEEELPKVTDALQAHGIAQTALHKHLLQQDPPVWWTHIHGMGDAARLAQGLKAALDATTIGPPTPPPARQPPVDIDVAGVDQALGRKGTQDGGLMKYSIPRKDTIIEDGHVLPAVSLNLTTVINFQPVGRGRAAINGDFILIAPEVQEVIRAMRAGNITIVELHNHGLTEEPRLFYMHYWAVDDAVTLARALRPAMDATNLQSS,1-23,24-321,0.9951
sp|P9WM45|Y1269_MYCTU,124,SP,MTTMITLRRRFAVAVAGVATAAATTVTLAPAPANA,ADVYGAIAYSGNGSWGRSWDYPTRAAAEATAVKSCGYSDCKVLTSFTACGAVAANDRAYQGGVGPTLAAAMKDALTKLGGGYIDTWACN,1-35,36-124,0.6464
sp|O07801|CHP1_MYCTU,404,SP,MKCPGVSDCVATVRHDNVFAIAAGLRWSAAVPPLHKGDAVTKLLVGAIAGGMLACAAILGDGIASA,DTALIVPGTAPSPYGPLRSLYHFNPAMQPQIGANYYNPTATRHVVSYPGSFWPVTGLNSPTVGSSVSAGTNNLDAAIRSTDGPIFVAGLSQGTLVLDREQARLANDPTAPPPGQLTFIKAGDPNNLLWRAFRPGTHVPIIDYTVPAPAESQYDTINIVGQYDIFSDPPNRPGNLLADLNAIAAGGYYGHSATAFSDPARVAPRDITTTTNSLGATTTTYFIRTDQLPLVRALVDMAGLPPQAAGTVDAALRPIIDRAYQPGPAPAVNPRDLVQGIRGIPAIAPAIAIPIGSTTGASAATSTAAATAAATNALRGANVGPGANKALSMVRGLLPKGKKH,1-66,67-404,0.647
sp|O33192|LPRJ_MYCTU,127,SP,MTAHTHDGTRTWRTGRQATTLLALLAGVFGGAASCAAPIQA,DMMGNAFLTALTNAGIAYDQPATTVALGRSVCPMVVAPGGTFESITSRMAEINGMSRDMASTFTIVAIGTYCPAVIAPLMPNRLQA,1-41,42-127,0.3341
sp|P9WIR7|APA_MYCTU,325,SP,MHQVDPNLTRRKGRLAALAIAAMASASLVTVAVPATANA,DPEPAPPVPTTAASPPSTAAAPPAPATPVAPPPPAAANTPNAQPGDPNAAPPPADPNAPPPPVIAPNAPQPVRIDNPVGGFSFALPAGWVESDAAHFDYGSALLSKTTGDPPFPGQPPPVANDTRIVLGRLDQKLYASAEATDSKAAARLGSDMGEFYMPYPGTRINQETVSLDANGVSGSASYYEVKFSDPSKPNGQIWTGVIGSPAANAPDAGPPQRWFVVWLGTANNPVDKGAAKALAESIRPLVAPPPAPAPAPAEPAPAPAPAGEVAPTPTTPTPQRTLPA,1-39,40-325,0.951
sp|P9WK75|LPPK_MYCTU,189,LIPO,MRRNIRVTLGAATIVAALGLSG,CSHPEFKRSSPPAPSLPPVTSSPLEAAPITPLPAPEALIDVLSRLADPAVPGTNKVQLIEGATPENAAALDRFTTALRDGSYLPMTFAANDIAWSDNKPSDVMATVVVTTAHPDNREFTFPMEFVSFKGGWQLSRQTAEMLLAMGNSPDSTPSATSPAPAPSPTPPG,1-22,23-189,0.9885
sp|P9WK79|LPPB_MYCTU,220,LIPO,MIAPQPIPRTLPRWQRIVALTMIGISTALIGG,CTMGQNPDKSPHLTGEQKIQLIDSMRHKGSYEAARERLTATAQIIADRVSAAIPGQTWKFNDDSYGQDFYRNGSLCKELSADIARRPMAKPVDFGSTFSAEDFKIAANIVREEAAKYGVTTESSLFNESAKRDYDVQGNGYEFNLGQIKFATLNITGDCFLLQKVLDLPAGQLPPEPPIWPTTSTPTP,1-32,33-220,0.9953
tr|I6Y8R4|I6Y8R4_MYCTU,303,TAT,MMARMPELSRRAVLGLGAGTVLGATSAYAIDMLLQPRTSHA,APAAAIGTNVPLAPTPALDPAPPAQAAPTMSTGSFVSAARAGKMTNWAIARPPGQTQALRPVIALHGLGGSASAVMDGGVEQGLAQAVNAGLPPFAVVSVDGGSSYWHQRASGEDAGAMVLNELIPLLDTQRLDTSRVAFLGWSMGGYGALLLGSRLGPARTAAICAVSPALWLSAGSVAPGSFDGPDDWSANSVFGLPALGSIPIRVDCGNSDPFYAATKQFVAQLPHPPAGGFSPGGHNGGFWSAQLPAELTWFAPLLTG,1-41,42-303,0.7304
tr|O05589|O05589_MYCTU,419,SP,MSISCRVREGFVMRLAIVGTAAAAAIGGTLAVAPLTLSTPERVA,GGTCSAGQQCDRLAAVLMPDTATPSGPAAAEHAVPAPFEPVADTIAPGLVPRPGVPAAAAVPRVGPPAVPGLPNIPGAAGPALPPPPALPNLAAPSVPGVGIPGIGIPGIGIPGIGIPGVPDPITGVNTAAAVVNGVLGVGGTAAGVVTASAVAVTYLVLAVNALESSGILPTARGTASTVASLLLPGAQSAAAALPAVGLPALPGVTPASLLAMAAAAGLPGVGFPSLPGVSPTDLMAMAAAAGLPTSLPGLAGMSPAELTALVAGGLPMLAAAGLPAGLAGVDPATLAAALPALAAGGLPPGLPALPGVDPAALAAALPALAAGLPALPAGLPPLPAVPALPAPPPLPGPPPLPALPSRLCTPGFGPIGVCIP,1-44,45-419,0.3496
sp|P9WIB9|SCMU_MYCTU,199,SP,MLTRPREIYLATAVSIGILLSLIAPLGPPLARA,DGTSQLAELVDAAAERLEVADPVAAFKWRAQLPIEDSGRVEQQLAKLGEDARSQHIDPDYVTRVFDDQIRATEAIEYSRFSDWKLNPASAPPEPPDLSASRSAIDSLNNRMLSQIWSHWSLLSAPSCAAQLDRAKRDIVRSRHLDSLYQRALTTATQSYCQALPPA,1-33,34-199,0.9621
sp|P9WK37|LPQB_MYCTU,587,LIPO,MERLMRLTILLFLGAVLAG,CASVPSTSAPQAIGTVERPVPSNLPKPSPGMDPDVLLREFLKATADPANRHLAARQFLTESASNAWDDAGSALLIDHVVFVETRSAEKVSVTMRADILGSLSDVGVFETAEGQLPDPGPIELVKTSDGWRIDRLPNGVFLDWQQFQETYKRNTLYFADPTGKTVVPDPRYVAVSDRDQLATELVSKLLAGPRPEMARTVRNLLAPPLRLRGPVTRADGGKSGIGRGYGGARVDMEKLSTTDPHSRQLLAAQIIWTLARADIRGPYVINADGAPLEDRFAEGWTTSDVAATDPGVADGAAAGLHALVNGSLVAMDAQRVTPVPGAFGRMPEQTAAAVSRSGRQVASVVTLGRGAPDEAASLWVGDLGGEAVQSADGHSLSRPSWSLDDAVWVVVDTNVVLRAIQDPASGQPARIPVDSTAVASRFPGAINDLQLSRDGTRAAMVIGGQVILAGVEQTQAGQFALTYPRRLGFGLGSSVVSLSWRTGDDIVVTRTDAAHPVSYVNLDGVNSDAPSRGLQTPLTAIAANPSTVYVAGPQGVLMYSASVESRPGWADVPGLMVPGAAPVLPG,1-19,20-587,0.9977
sp|P9WKD9|KU_MYCTU,273,SP,MRAIWTGSIAFGLVNVPVKVYS,ATADHDIRFHQVHAKDNGRIRYKRVCEACGEVVDYRDLARAYESGDGQMVAITDDDIASLPEERSREIEVLEFVPAADVDPMMFDRSYFLEPDSKSSKSYVLLAKTLAETDRMAIVHFTLRNKTRLAALRVKDFGKREVMMVHTLLWPDEIRDPDFPVLDQKVEIKPAELKMAGQVVDSMADDFNPDRYHDTYQEQLQELIDTKLEGGQAFTAEDQPRLLDEPEDVSDLLAKLEASVKARSKANSNVPTPP,1-22,23-273,0.6449
sp|P9WP41|CULP2_MYCTU,230,SP,MNDLLTRRLLTMGAAAAMLAAVLLLTPITVPAGYPGAVAPATA,ACPDAEVVFARGRFEPPGIGTVGNAFVSALRSKVNKNVGVYAVKYPADNQIDVGANDMSAHIQSMANSCPNTRLVPGGYSLGAAVTDVVLAVPTQMWGFTNPLPPGSDEHIAAVALFGNGSQWVGPITNFSPAYNDRTIELCHGDDPVCHPADPNTWEANWPQHLAGAYVSSGMVNQAADFVAGKLQ,1-43,44-230,0.6874
sp|I6YC58|MYCP4_MYCTU,455,SP,MTTSRTLRLLVVSALATLSGLGTPVAHA,VSPPPIDERWLPESALPAPPRPTVQREVCTEVTAESGRAFGRAERSAQLADLDQVWRLTRGAGQRVAVIDTGVARHRRLPKVVAGGDYVFTGDGTADCDAHGTLVAGIIAAAPDAQSDNFSGVAPDVTLISIRQSSSKFAPVGDPSSTGVGDVDTMAKAVRTAADLGASVINISSIACVPAAAAPDDRALGAALAYAVDVKNAVIVAAAGNTGGAAQCPPQAPGVTRDSVTVAVSPAWYDDYVLTVGSVNAQGEPSAFTLAGPWVDVAATGEAVTSLSPFGDGTVNRLGGQHGSIPISGTSYAAPVVSGLAALIRARFPTLTARQVMQRIESTAHHPPAGWDPLVGNGTVDALAAVSSDSIPQAGTATSDPAPVAVPVPRRSTPGPSDRRALHTAFAGAAICLLALMATLATASRRLRPGRNGIAGD,1-28,29-455,0.972
tr|O07741|O07741_MYCTU,135,SP,MIRELVTTAAITGAAIGGAPVAGA,DPQRYDGDVPGMNYDASLGAPCSSWERFIFGRGPSGQAEACHFPPPNQFPPAETGYWVISYPLYGVQQVGAPCPKPQAAAQSPDGLPMLCLGARGWQPGWFTGAGFFPPEP,1-24,25-135,0.9687
sp|O50440|CHP2_MYCTU,359,SP,MKRVIAGAFAVWLVGWAGGFGTAIA,ASEPAYPWAPGPPPSPSPVGDASTAKVVYALGGARMPGIPWYEYTNQAGSQYFPNAKHDLIDYPAGAAFSWWPTMLLPPGSHQDNMTVGVAVKDGTNSLDNAIHHGTDPAAAVGLSQGSLVLDQEQARLANDPTAPAPDKLQFTTFGDPTGRHAFGASFLARIFPPGSHIPIPFIEYTMPQQVDSQYDTNHVVTAYDGFSDFPDRPDNLLAVANAAIGAAIAHTPIGFTGPGDVPPQNIRTTVNSRGATTTTYLVPVNHLPLTLPLRYLGMSDAEVDQIDSVLQPQIDAAYARNDNWFTRPVSVDPVRGLDPLTAPGSIVEGARGLLGSPAFGG,1-25,26-359,0.9696
tr|P72062|P72062_MYCTU,375,TATLIPO,MLLGMHQAGHVGTHERRAAATRRSALTAAGLAVVGAGVLGASA,CSPQKSPQPSSPRLPDNALITLGVAAGPPPTPSRVGISSVLKIGRDLYVIDCGLGSLNAFTNAGLQFDDLKAMFITHLHTDHIVDYYNFFLSGGFLAPPGRAPVLVYGPGPAGGLPPSEVGNPNPATVNPANPTPGLAAATEALHRAFAYTSNIFIRDYGIDNVADLVKVTEIGLPPGSDYRNRAPKMSPFSVASDDNVSVTATLVSHYDVYPAFGFRFDLKKSGVSVTFSGDTTKSDNLITLAQGTDILVHEAVFSLDTAYFGNAFPPNYLVNSHTSAEQVGEVAAAAKPKQLILSHYAPDDLPDSQWLDKIKKNYSGMTTIARDGQVFAL,1-43,44-375,0.6079
tr|P96257|P96257_MYCTU,328,LIPO,MTRRALLARAAAPLAPLALAMVLAS,CGHSETLGVEATPTLPLPTPVGMEIMPPQPPLPPDSSSQDCDPTASLRPFATKAEADAAVADIRARGRLIVGLDIGSNLFSFRDPITGEITGFDVDIAGEVARDIFGVPSHVEYRILSAAERVTALQKSQVDIVVKTMSITCERRKLVNFSTVYLDANQRILAPRDSPITKVSDLSGKRVCVARGTTSLRRIREIAPPPVIVSVVNWADCLVALQQREIDAVSTDDTILAGLVEEDPYLHIVGPDMADQPYGVGINLDNTGLVRFVNGTLERIRNDGTWNTLYRKWLTVLGPAPAPPTPRYVD,1-25,26-328,0.984
tr|P96265|P96265_MYCTU,498,LIPO,MHGRGRYRPLVRCVRPRRVAASVRTPIACLAAVVVIAG,CTTVVDGRALSILNDPFRVGGLPATNGPSGARPDAPAASGTVINTNNGAIDKLSLLSVNDIEDYWMAVYSESLKGTFRPVGKLVSYDSNDPSSPIVCHIDTYQLVNAFFSSRCNLIAWDRGVFMAVAQEYFGDMSVNGVLAHEFGHALQVMANLVTRKDPTIVREQQADCFAGVYLWWVAEGKSTRFTLSTADGLDHVLAGIITTRDPVMEADAENDDEHGSALDRVSAFQLGFINGTPACAAIDEDEVERRRGDLPTALRVDASGNPETGEVGINEETLSTLMELMGKIFSPKNPPTLSYQPAGCPDAKPSPPAAYCPATNTIVVDLPALARMGKVASAAEHSLPQGDDTSLSIVMSRYALAVQHERGLPMQSPWTALRTACLTGVAHRKMAVPIDLPSGQQLVLTAGDLDEAVSGLLTNRMVASDADGVSVPAGFTRIAAFRAGVGGDMDACYARYPG,1-38,39-498,0.8272
sp|P9WG65|MPT53_MYCTU,173,SP,MSLRLVSPIKAFADGIVAVAIAVVLMFGLANTPRAVA,ADERLQFTATTLSGAPFDGASLQGKPAVLWFWTPWCPFCNAEAPSLSQVAAANPAVTFVGIATRADVGAMQSFVSKYNLNFTNLNDADGVIWARYNVPWQPAFVFYRADGTSTFVNNPTAAMSQDELSGRVAALTS,1-37,38-173,0.8057
sp|P9WHR3|HIP1_MYCTU,520,LIPO,MGMRLSRRDKIARMLLIWAALAAVALVLVG,CIRVVGGRARMAEPKLGQPVEWTPCRSSNPQVKIPGGALCGKLAVPVDYDRPDGDVAALALIRFPATGDKIGSLVINPGGPGESGIEAALGVFQTLPKRVHERFDLVGFDPRGVASSRPAIWCNSDADNDRLRAEPQVDYSREGVAHIENETKQFVGRCVDKMGKNFLAHVGTVNVAKDLDAIRAALGDDKLTYLGYSYGTRIGSAYAEEFPQRVRAMILDGAVDPNADPIEAELRQAKGFQDAFNNYAADCAKNAGCPLGADPAKAVEVYHSLVDPLVDPDNPRISRPARTKDPRGLSYSDAIVGTIMALYSPNLWQHLTDGLSELVDNRGDTLLALADMYMRRDSHGRYNNSGDARVAINCVDQPPVTDRDKVIDEDRRAREIAPFMSYGKFTGDAPLGTCAFWPVPPTSQPHAVSAPGLVPTVVVSTTHDPATPYKAGVDLANQLRGSLLTFDGTQHTVVFQGDSCIDEYVTAYLIGGTTPPSGAKC,1-30,31-520,0.9098
sp|P9WJU1|MMPLA_MYCTU,1002,SP,MVGCWVALALVLPMAVPSLA,EMAQRHPVAVLPADAPSSVAVRQMAEAFHESGSENILVVLLTDEKGLGAADENVYHTLVDRLRNDAKDVVMLQDFLTTPPLREVLGSKDGKAWILPIGLAGDLGTPKSYHAYTDVERIVKRTVAGTTLTANVTGPAATVADLTDAGARDRASIELAIAVMLLVILMVIYRNPVTMLLPLVTIGASLMTAQALVAGVSLVGGLAVSNQAIVLLSAMIAGAGTDYAVFLISRYHEYVRLGEHPERAVQRAMMSVGKVIAASAATVGITFLGMRFAKLGVFSTVGPALAIGIAVSFLAAVTLLPAILVLASPRGWVAPRGERMATFWRRAGTRIVRRPKAYLGASLIGLVALASCASLAHFNYDDRKQLPPSDPSSVGYAAMEHHFSVNQTIPEYLIIHSAHDLRTPRGLADLEQLAQRVSQIPGVAMVRGVTRPNGETLEQARATYQAGQVGNRLGGASRMIDERTGDLNRLASGANLLADNLGDVRGQVSRAVAGVRSLVDALAYIQNQFGGNKTFNEIDNAARLVSNIHALGDALQVNFDGIANSFDWLDSVVAALDTSPVCDSNPMCGNARVQFHKLQTARDNGTLDKVVGLARQLQSTRSPQTVSAVVNDLGRSLNSVVRSLKSLGLDNPDAARARLISMQNGANDLASAGRQVADGVQMLVDQTKNMGIGLNQASAFLMAMGNDASQPSMAGFNVPPQVLKSEEFKKVAQAFISPDGHTVRYFIQTDLNPFSTAAMDQVNTIIDTAKGAQPNTSLADASISMSGYPVMLRDIRDYYERDMRLIVAVTVVVVILILMALLRAIVAPLYLVGSVVISYMSAIGLGVVVFQVFLGQELHWSVPGLAFVVLVAVGADYNMLLASRLRDESALGVRSSVIRTVRCTGGVITAAGLIFAASMSGLLFSSIGTVVQGGFIIGVGILIDTFVVRTITVPAMATLLGRASWWPGHPWQRCAPEEGQMSARMSARTKTVFQAVADGSKR,1-20,21-1002,0.7869
tr|I6XHD1|I6XHD1_MYCTU,192,SP,MNIRCGLAAGAVICSAVALGIALHSGDPARA,LGPPPDGSYSFNQAGVSGVTWTITALCDQPSGTRNMNDYSDPIVWAFNCALNVVSTTPQQITRTDRLQNFSGRARMSSMLWTFQVNQADGVACPDGSTAPSSETYAFSDETLTGTHTTVHGAVCGLQPKLSKQPFSLQLIGPPPSPVQRYPLYCNNIAMCY,1-31,32-192,0.9648
sp|O53638|LDT1_MYCTU,251,SP,MRRVVRYLSVVVAITLMLTAESVSIATA,AVPPLQPIPGVASVSPANGAVVGVAHPVVVTFTTPVTDRRAVERSIRISTPHNTTGHFEWVASNVVRWVPHRYWPPHTRVSVGVQELTEGFETGDALIGVASISAHTFTVSRNGEVLRTMPASLGKPSRPTPIGSFHAMSKERTVVMDSRTIGIPLNSSDGYLLTAHYAVRVTWSGVYVHSAPWSVNSQGYANVSHGCINLSPDNAAWYFDAVTVGDPIEVVG,1-28,29-251,0.6571
sp|P9WGU5|OPPA_MYCTU,591,LIPO,MADRGQRRGCAPGIASALRASFQGKSRPWTQTRYWAFALLTPLVVAMVLTG,CSASGTQLELAPTADRRAAVGTTSDINQQDPATLQDGGNLRLSLTDFPPNFNILHIDGNNAEVAAMMKATLPRAFIIGPDGSTTVDTNYFTSIELTRTAPQVVTYTINPEAVWSDGTPITWRDIASQIHAISGADKAFEIASSSGAERVASVTRGVDDRQAVVTFAKPYAEWRGMFAGNGMLLPASMTATPEAFNKGQLDGPGPSAGPFVVSALDRTAQRIVLTRNPRWWGARPRLDSITYLVLDDAARLPALQNNTIDATGVGTLDQLTIAARTKGISIRRAPGPSWYHFTLNGAPGSILADKALRLAIAKGIDRYTIARVAQYGLTSDPVPLNNHVFVAGQDGYQDNSGVVAYNPEQAKRELDALGWRRSGAFREKDGRQLVIRDLFYDAQSTRQFAQIAQHTLAQIGVKLELQAKSGSGFFSDYVNVGAFDIAQFGWVGDAFPLSSLTQIYASDGESNFGKIGSPQIDAAIERTLAELDPGKARALANQVDELIWAEGFSLPLTQSPGTVAVRSTLANFGATGLADLDYTAIGFMRR,1-51,52-591,0.9045
sp|P9WKV3|LDT5_MYCTU,451,TATLIPO,MVIRVLFRPVSLIPVNNSSTPQSQGPISRRLALTALGFGVLAPNVLVA,CAGKVTKLAEKRPPPAPRLTFRPADSAADVVPIAPISVEVGDGWFQRVALTNSAGKVVAGAYSRDRTIYTITEPLGYDTTYTWSGSAVGHDGKAVPVAGKFTTVAPVKTINAGFQLADGQTVGIAAPVIIQFDSPISDKAAVERALTVTTDPPVEGGWAWLPDEAQGARVHWRPREYYPAGTTVDVDAKLYGLPFGDGAYGAQDMSLHFQIGRRQVVKAEVSSHRIQVVTDAGVIMDFPCSYGEADLARNVTRNGIHVVTEKYSDFYMSNPAAGYSHIHERWAVRISNNGEFIHANPMSAGAQGNSNVTNGCINLSTENAEQYYRSAVYGDPVEVTGSSIQLSYADGDIWDWAVDWDTWVSMSALPPPAAKPAATQIPVTAPVTPSDAPTPSGTPTTTNGPGG,1-48,49-451,0.7833
sp|P9WL33|Y2891_MYCTU,249,SP,MAKSPARRCTAKVRRVLSRSVLILCWSLLGAAPAHA,DDSRLGWPLRPPPAVVRQFDAASPNWNPGHRGVDLAGRPGQPVYAAGSATVVFAGLLAGRPVVSLAHPGGLRTSYEPVVAQVRVGQPVSAPTVIGALAAGHPGCQAAACLHWGAMWGPASGANYVDPLGLLKSTPIRLKPLSSEGRTLHYRQAEPVFVNEAAAGALAGAGHRKSPKQGVFRGAAQGGDIVARQPPGRWVCPSSAGGPIGWHRQ,1-36,37-249,0.9731
sp|P9WP43|CULP1_MYCTU,217,SP,MTPRSLVRIVGVVVATTLALVSAPAGGRAAHA,DPCSDIAVVFARGTHQASGLGDVGEAFVDSLTSQVGGRSIGVYAVNYPASDDYRASASNGSDDASAHIQRTVASCPNTRIVLGGYSQGATVIDLSTSAMPPAVADHVAAVALFGEPSSGFSSMLWGGGSLPTIGPLYSSKTINLCAPDDPICTGGGNIMAHVSYVQSGMTSQAATFAANRLDHAG,1-32,33-217,0.9655
sp|P9WQN9|A85C_MYCTU,340,SP,MTFFEQVRRLRSAATTLPRRLAIAAMGAVLVYGLVGTFGGPATAGA,FSRPGLPVEYLQVPSASMGRDIKVQFQGGGPHAVYLLDGLRAQDDYNGWDINTPAFEEYYQSGLSVIMPVGGQSSFYTDWYQPSQSNGQNYTYKWETFLTREMPAWLQANKGVSPTGNAAVGLSMSGGSALILAAYYPQQFPYAASLSGFLNPSEGWWPTLIGLAMNDSGGYNANSMWGPSSDPAWKRNDPMVQIPRLVANNTRIWVYCGNGTPSDLGGDNIPAKFLEGLTLRTNQTFRDTYAADGGRNGVFNFPPNGTHSWPYWNEQLVAMKADIQHVLNGATPPAAPAAPAA,1-46,47-340,0.5806
tr|I6YGW2|I6YGW2_MYCTU,232,SP,MQTAHRRFAAAFAAVLLAVVCLPANTAAA,DDKLPLGGGAGIVVNGDTMCTLTTIGHDKNGDLIGFTSAHCGGPGAQIAAEGAENAGPVGIMVAGNDGLDYAVIKFDPAKVTPVAVFNGFAINGIGPDPSFGQIACKQGRTTGNSCGVTWGPGESPGTLVMQVCGGPGDSGAPVTVDNLLVGMIHGAFSDNLPSCITKYIPLHTPAVVMSINADLADINAKNRPGAGFVPVPA,1-29,30-232,0.9693
tr|O50383|O50383_MYCTU,129,SP,MNLRRHQTLTLRLLAASAGILSAAAFAAPAQA,NPVDDAFIAALNNAGVNYGDPVDAKALGQSVCPILAEPGGSFNTAVASVVARAQGMSQDMAQTFTSIAISMYCPSVMADVASGNLPALPDMPGLPGS,1-32,33-129,0.9608
sp|P9WGU7|LPQW_MYCTU,635,LIPO,MGVPSPVRRVCVTVGALVALACMVLAG,CTVSPPPAPQSTDTPRSTPPPPRRPTQIIMGIDWIGPGFNPHLLSDLSPVNAAISALVLPSAFRPIPDPNTPTGSRWEMDPTLLVSADVTNNHPFTVTYKIRPEAQWTDNAPIAADDFWYLWQQMVTQPGVVDPAGYHLITSVQSLEGGKQAVVTFAQPYPAWRELFTDILPAHIVKDIPGGFASGLARALPVTGGQFRVENIDPQRDEILIARNDRYWGPPSKPGIILFRRAGAPAALADSVRNGDTQVAQVHGGSAAFAQLSAIPDVRTARIVTPRVMQFTLRANVPKLADTQVRKAILGLLDVDLLAAVGAGTDNTVTLDQAQIRSPSDPGYVPTAPPAMSSAAALGLLEASGFQVDTNTSVSPAPSVPDSTTTSVSTGPPEVIRGRISKDGEQLTLVIGVAANDPTSVAVANTAADQLRDVGIAATVLALDPVTLYHDALNDNRVDAIVGWRQAGGNLATLLASRYGCPALQATTVPAANAPTTAPSAPIGPTPSAAPDTATPPPTAPRRPSDPGALVKAPSNLTGICDRSIQSNIDAALNGTKNINDVITAVEPRLWNMSTVLPILQDTTIVAAGPSVQNVSLSGAVPVGIVGDAGQWVKTGQ,1-27,28-635,0.9927
sp|P9WLQ1|MCBP_MYCTU,142,SP,MAGLNIYVRRWRTALHATVSALIVAILGLAITPVASA,ATARATLSVTSTWQTGFIARFTITNSSTAPLTDWKLEFDLPAGESVLHTWNSTVARSGTHYVLSPANWNRIIAPGGSATGGLRGGLTGSYSPPSSCLLNGQYPCT,1-37,38-142,0.973
tr|I6XI06|I6XI06_MYCTU,214,SP,MRIAAAVVSIGLAVIAGFAVPVADA,HPSEPGVVSYAVLGKGSVGNIVGAPMGWEAVFTRPFQAFWVELPACNNWVDIGLPEVYDDPDLASFNGATTQTSATDQTHLVKQAVGVFASNDAADRAFHRVVDRTVGCSGQTTAIHLDDGTTQVWSFAGGPSTGTDEAWTKQEAGTDRRCFVQTRLRENVLLQAKVCQSGNAGPAVNVLAGAMQNTLG,1-25,26-214,0.9754
tr|I6Y293|I6Y293_MYCTU,373,LIPO,MWTTRLVRSGLAALCAAVLVSSG,CARFNDAQSQPFTTEPELRPQPSSTPPPPPPLPPVPFPKECPAPGVMQGCLESTSGLIMGIDSKTALVAERITGAVEEISISAEPKVKTVIPVDPAGDGGLMDIVLSPTYSQDRLMYAYISTPTDNRVVRVADGDIPKDILTGIPKGAAGNTGALIFTSPTTLVVMTGDAGDPALAADPQSLAGKVLRIEQPTTIGQTPPTTALSGIGSGGGLCIDPVDGSLYVADRTPTADRLQRITKNSEVSTVWTWPDKPGVAGCAAMDGTVLVNLINTKLTVAVRLAPSTGAVTGEPDVVRKDTHAHAWALRMSPDGNVWGATVNKTAGDAEKLDDVVFPLFPQGGGFPRNNDDKT,1-23,24-373,0.9465
tr|O06624|O06624_MYCTU,230,SP,MKRSMKSGSFAIGLAMMLAPMVAAPGLAAA,DPATRPVDYQQITDVVIARGLSQRGVPFSWAGGGISGPTRGTGTGINTVGFDASGLIQYAYAGAGLKLPRSSGQMYKVGQKVLPQQARKGDLIFYGPEGTQSVALYLGKGQMLEVGDVVQVSPVRTNGMTPYLVRVLGTQPTPVQQAPVQPAPVQQAPVQQAPVQQAPVQQAPVQQAPVQQAPVQQAPVQPPPFGTARSR,1-30,31-230,0.9721
sp|O07747|RPFC_MYCTU,176,SP,MHPLPADHGRSRCNRHPISPLSLIGNASATSGDMSSMTRIAKPLIKSAMAAGLVTASMSLSTAVAHA,GPSPNWDAVAQCESGGNWAANTGNGKYGGLQFKPATWAAFGGVGNPAAASREQQIAVANRVLAEQGLDAWPTCGAASGLPIALWSKPAQGIKQIINEIIWAGIQASIPR,1-67,68-176,0.6202
tr|O53444|O53444_MYCTU,291,SP,MPKRPDNQTWRYWRTVTGVVVAGAVLVVGGLSGRVTRA,ENLSCSVIKCVALTFDDGPGPYTDRLLHILTDNDAKATFFLIGNKVAANPAGARRIADAGMEIGSHTWEHPNMTTIPPEDIPGQFSRANDVIAAATGRTPTLYRPAGGLSNDAVRQAAAKVGQAEILWDVIPFDWINDSNTAATRHMLMTQIKPGSVVLFHDTYSSTVDVVYQFIPVLKANGYRLVTVSELLGPRAPGSSYGSRENGPPVNELRDIPASEIPPLPNTSSPKPMPNFPITDIAGQNSGGPNNGA,1-38,39-291,0.9563
sp|O53859|LPQS_MYCTU,130,SP,MVWMRSAIVAVALGVTVAAVAAA,CWLPQLHRHVAHPNHPLTTSVGSEFVINTDHGHLVDNSMPPCPERLATAVLPRSATPVLLPDVVAAAPGMTAALTDPVAPAARGPPAAQGSVRTGQDLLTRFCLARR,1-23,24-130,0.6036
sp|P9WIP1|MP63_MYCTU,159,SP,MKLTTMIKTAVAVVAMAAIATFAAPVALA,AYPITGKLGSELTMTDTVGQVVLGWKVSDLKSSTAVIPGYPVAGQVWEATATVNAIRGSVTPAVSQFNARTADGINYRVLWQAAGPDTISGATIPQGEQSTGKIYFDVTGPSPTIVAMNNGMEDLLIWEP,1-29,30-159,0.9764
sp|P9WK61|LPQH_MYCTU,159,LIPO,MKRGLTVAVAGAAILVAGLSG,CSSNKSTTGSGETTTAAGTTASPGAASGPKVVIDGKDQNVTGSVVCTTAAGNVNIAIGGAATGIAAVLTDGNPPEVKSVGLGNVNGVTLGYTSGTGQGNASATKDGSHYKITGTATGVDMANPMSPVNKSFEIEVTCS,1-21,22-159,0.9965
tr|I6X9E2|I6X9E2_MYCTU,316,LIPO,MIRRRGARMAALLAAAALALTA,CAGSDDKGEPDDGGDRGASLATTSDADWKPVADILGRTGKLNDGSVYKIGFARSDLSVQTKGVTVAPALSLGSWVAFARTPDGQTMLMGDLVVTEDELASVTDAVQAGGLQQTALHKHLLEQSPPIWWTHIAGHGDAADLARAVRSALDATDTPPPASATSGQTSLDLDTAAIDEALGRSGTIAGGVYKFFIARRDPVTMSGMLIPPSMGLATALNFQPTGNGRAAINGDFVMTAAEVQDVVQALRGGGIDIVAIHNHGFDEQPRLFYMHFWAENDAVALARTLRAAVDATAAR,1-22,23-316,0.995
tr|I6Y461|I6Y461_MYCTU,402,LIPO,MRCGVSAGSANGKPNRWTLRCGVSAGHRGSVFLLAVLLAPVVLTS,CTWRGIANVPLPVGRGMGPDRMTIYVQMPDTLALNTNSRVRVADVWVGTVRDISLRNWIATLTLELEPTVRLPANATAKIGQTSLLGTQHVELAAPPIPSPQPLKSGDTIGLKNSSAYPTVERTLASVALILTGGGIVNLDVIQTEILNILDGHAGQIREFLERLATFTAELNNQRGDLTRAIDSTNQLLTIIANRNDTLDRVLTDVPPLIEHFADTGQLFADATESLGRFSEVANRALAATRPNLHQTLQSLQRPLRQLERASPYVVGALKLGLTAPFNIDEVPNVIRGDYVNVSATFDVTLSALDNALLSGTGISGMLRALEQAWGRDPDTMIPDVRYTPNPNDAPGGPLVERAE,1-45,46-402,0.3746
sp|O06319|CULP4_MYCTU,226,SP,MIPRPQPHSGRWRAGAARRLTSLVAAAFAAATLLLTPALAPPASA,GCPDAEVVFARGTGEPPGLGRVGQAFVSSLRQQTNKSIGTYGVNYPANGDFLAAADGANDASDHIQQMASACRATRLVLGGYSQGAAVIDIVTAAPLPGLGFTQPLPPAADDHIAAIALFGNPSGRAGGLMSALTPQFGSKTINLCNNGDPICSDGNRWRAHLGYVPGMTNQAARFVASRI,1-45,46-226,0.9662
tr|P95207|P95207_MYCTU,409,LIPO,MPVLRRLGCSVLALGLLAG,CAPPRTGPASSPTNNGAKADAVIRIVRDFMTQAHLKAVLVRVTVAGKEVVTRAVGDSMTGVPATTAMHFRNGAVAISYVATLLLKLVDEKKLRLDDKLSRWLPDFPHADRVTLGQLAQMTSGYPDYVLGNEAFDAELYANPFRQWTTQELLDQISSRPLLYDPGTNWNYAHTNYLLLGLALEKAAGQDMPTLLQRKVLSPLGLTATANSDTPAIPEPALHAFTSERRAALKIPAGVPFYEESTFWNPSWTITHGAIQTTTIYDMEATAVGIGSGRLLSADSYKKMVSTELRGKTRAQPGCPTCFEQNDGYSYGLGIVISGHWLLQNPMFAGYAAVEAYLPSQRVAVAVAVTYAPEAFDDQGNYRNQADILFRKIGAEVAPNDAPPMPPGR,1-19,20-409,0.9976
sp|P9WGU9|LPQY_MYCTU,468,LIPO,MVMSRGRIPRLGAAVLVALTTAAAA,CGADSQGLVVSFYTPATDGATFTAIAQRCNQQFGGRFTIAQVSLPRSPNEQRLQLARRLTGNDRTLDVMALDVVWTAEFAEAGWALPLSDDPAGLAENDAVADTLPGPLATAGWNHKLYAAPVTTNTQLLWYRPDLVNSPPTDWNAMIAEAARLHAAGEPSWIAVQANQGEGLVVWFNTLLVSAGGSVLSEDGRHVTLTDTPAHRAATVSALQILKSVATTPGADPSITRTEEGSARLAFEQGKAALEVNWPFVFASMLENAVKGGVPFLPLNRIPQLAGSINDIGTFTPSDEQFRIAYDASQQVFGFAPYPAVAPGQPAKVTIGGLNLAVAKTTRHRAEAFEAVRCLRDQHNQRYVSLEGGLPAVRASLYSDPQFQAKYPMHAIIRQQLTDAAVRPATPVYQALSIRLAAVLSPITEIDPESTADELAAQAQKAIDGMGLLP,1-25,26-468,0.6623
sp|P9WHU3|Y2190_MYCTU,385,SP,MRLDQRWLIARVIMRSAIGFFASFTVSSGVLAANVLA,DPADDALAKLNELSRQAEQTTEALHSAQLDLNEKLAAQRAADQKLADNRTALDAARARLATFQTAVNKVAAATYMGGRTHGMDAILTAESPQLLIDRLSVQRVMAHQMSTQMARFKAAGEQAVKAEQAAAKSAADARSAAEQAAAVRANLQHKQSQLQVQIAVVKSQYVALTPEERTALADPGPVPAVAAIAPGAPPAALPPGAPPGDGPAPGVAPPPGGMPGLPFVQPDGAGGDRTAVVQAALTQVGAPYAWGGAAPGGFDCSGLVMWAFQQAGIALPHSSQALAHGGQPVALSDLQPGDVLTFYSDASHAGIYIGDGLMVHSSTYGVPVRVVPMDSSGPIYDARRY,1-37,38-385,0.9618
sp|P9WK63|LPQE_MYCTU,182,LIPO,MNRCNIRLRLAGMTTWVASIALLAAALSG,CGAGQISQTANQKPAVNGNRLTINNVLLRDIRIQAVQTSDFIQPGKAVDLVLVAVNQSPDVSDRLVGITSDIGSVTVAGDARLPASGMLFVGTPDGQIVAPGPLPSNQAAKATVNLTKPIANGLTYNFTFKFEKAGQGSVMVPISAGLATPHE,1-29,30-182,0.9958
sp|P9WL83|Y2576_MYCTU,154,SP,MPAGVGNASGSVLDMTSVRTVPSAVALVTFAGAALSGVIPAIARA,DPVGHQVTYTVTTTSDLMANIRYMSADPPSMAAFNADSSKYMITLHTPIAGGQPLVYTATLANPSQWAIVTASGGLRVNPEFHCEIVVDGQVVVSQDGGSGVQCSTRPW,1-45,46-154,0.9642
tr|O06555|O06555_MYCTU,371,SP,MRRLTNTEHRENTTVASTWSVCKGLAAVVITSAAAFALCPNAAA,DPATPQPNPTQQLPGLPALAQLSPIIQQAAMNPAQATQLLMAAASAFAGNPAVPTESKNVASSVNQFVAEPTNPDSAALGVPAPHGVALPEAIPVPHVPPLGAEPGVQAHLPTGIDPSHAAGPAPAVAPTVTPPVAAPPASAPAPAPDAAQPVAVPGPPPAPPAPRAAAPAPASAAPAPAAAPAPASGFGADAPPTQDFMYPSIGPNCVADGSNSIATALSVAGPAKIPLPGPGPGQTAYVFTAVGTPGPADVQRLPLNVTWVNLTTGKSGSATLRPRSDINPDGPTTLTVIADTGSGSIMSTIFGQVTTKDRQCQFMPTIGSTVVP,1-44,45-371,0.8752
sp|O06825|LDT3_MYCTU,271,SP,MRAVFGCAIAVVGIAGSVVA,GPADIHLVAAKQSYGFAVASVLPTRGQVVGVAHPVVVTFSAPITNPANRHAAERAVEVKSTPAMTGKFEWLDNDVVQWVPDRFWPAHSTVELSVGSLSSDFKTGPAVVGVASISQHTFTVSIDGVEEGPPPPLPAPHHRVHFGEDGVMPASMGRPEYPTPVGSYTVLSKERSVIMDSSSVGIPVDDPDGYRLSVDYAVRITSRGLYVHSAPWALPALGLENVSHGCISLSREDAEWYYNAVDIGDPVIVQE,1-20,21-271,0.9771
tr|O07726|O07726_MYCTU,156,SP,MRLKPAPSPAAAFAVAGLILAGWAGSVGLAGA,DPEPAPTPKTAIDSDGTYAVGIDIAPGTYSSAGPVGDGTCYWKRMGNPDGALIDNALSKKPQVVTIEPTDKAFKTHGCQPWQNTGSEGAAPAGVPGPEAGAQLQNQLGILNGLLGPTGGRVPQP,1-32,33-156,0.9742
tr|O53485|O53485_MYCTU,439,TATLIPO,MVNKPFERRSLLRGAGALTAASLAPWAAG,CAADDDDALTFFFAANPDELRPRMRVVNEFQRRYPDIKVRALLSGPGVMQQLATFCAGGKCPDVLMAWELTYAELADRGVLLDLNTLLARDQAFAAELKSDSIGALYETFTFNGGQYAFPEQWSGNFLFYNKQLFDDAGVPPPPGSWERPWSFAEFLDAAQALTKQGRSGRDRQWGFVNAWVSFYAAGLFAMNNGVPWSVPRMNPTHLNFDHDGFLEAVQFYADLTNKHKVAPSAAEQQSMSTADLFSVGKAGIALAGHWRYQTFDRADGLDFDVAPLPIGPRGRAACSDIGVTGLAIAATSRRKDQAWEFVKFATGPVGQALIGESRLFVPVLRSAINSHGFANAHRRVGNLAVLSEGPAYSEGLPVTPAWEKIAALMDRYFGPVLRGSRPATSLTGLSQAVDEVLRNP,1-29,30-439,0.6618
tr|P95237|P95237_MYCTU,139,LIPO,MPVGGRQHVFEKLASILGLVAAPLMLLGLSA,CGRSAGKTSEPTCPTEPIDAADSSTTPDPSCVVRATEINGNGSRIQTWTGSYDAAATQSGGVCGGTCNFHATVRFTVDEGQISGSVDQVYQAAMVAIATRPTSPSLAP,1-31,32-139,0.9851
sp|P9WG31|RPFA_MYCTU,407,SP,MSGRHRKPTTSNVSVAKIAFTGAVLGGGGIAMAAQATA,ATDGEWDQVARCESGGNWSINTGNGYLGGLQFTQSTWAAHGGGEFAPSAQLASREQQIAVGERVLATQGRGAWPVCGRGLSNATPREVLPASAAMDAPLDAAAVNGEPAPLAPPPADPAPPVELAANDLPAPLGEPLPAAPADPAPPADLAPPAPADVAPPVELAVNDLPAPLGEPLPAAPADPAPPADLAPPAPADLAPPAPADLAPPAPADLAPPVELAVNDLPAPLGEPLPAAPAELAPPADLAPASADLAPPAPADLAPPAPAELAPPAPADLAPPAAVNEQTAPGDQPATAPGGPVGLATDLELPEPDPQPADAPPPGDVTEAPAETPQVSNIAYTKKLWQAIRAQDVCGNDALDSLAQPYVIG,1-38,39-407,0.9546
sp|P9WIN9|MP64_MYCTU,228,LIPO,MRIKIFMLVTAVVLLC,CSGVATAAPKTYCEELKGTDTGQACQIQMSDPAYNINISLPSYYPDQKSLENYIAQTRDKFLSAATSSTPREAPYELNITSATYQSAIPPRGTQAVVLKVYQNAGGTHPTTTYKAFDWDQAYRKPITYDTLWQADTDPLPVVFPIVQGELSKQTGQQVSIAPNAGLDPVNYQNFAVTNDGVIFFFNPGELLPEAAGPTQVLVPRSAIDSMLA,1-16,17-228,0.433
sp|P9WK65|LPPX_MYCTU,233,LIPO,MNDGKRAVTSAVLVVLGACLALWLSG,CSSPKPDAEEQGVPVSPTASDPALLAEIRQSLDATKGLTSVHVAVRTTGKVDSLLGITSADVDVRANPLAAKGVCTYNDEQGVPFRVQGDNISVKLFDDWSNLGSISELSTSRVLDPAAGVTQLLSGVTNLQAQGTEVIDGISTTKITGTIPASSVKMLDPGAKSARPATVWIAQDGSHHLVRASIDLGSGSIQLTQSKWNEPVNVD,1-26,27-233,0.9967
sp|P9WQN7|MPT51_MYCTU,299,SP,MKGRSALLRALWIAALSFGLGGVAVA,AEPTAKAAPYENLMVPSPSMGRDIPVAFLAGGPHAVYLLDAFNAGPDVSNWVTAGNAMNTLAGKGISVVAPAGGAYSMYTNWEQDGSKQWDTFLSAELPDWLAANRGLAPGGHAAVGAAQGGYGAMALAAFHPDRFGFAGSMSGFLYPSNTTTNGAIAAGMQQFGGVDTNGMWGAPQLGRWKWHDPWVHASLLAQNNTRVWVWSPTNPGASDPAAMIGQAAEAMGNSRMFYNQYRSVGGHNGHFDFPASGDNGWGSWAPQLGAMSGDIVGAIR,1-26,27-299,0.9715
tr|I6X7P2|I6X7P2_MYCTU,176,SP,MTRLIPGCTLVGLMLTLLPAPTSA,AGSNTATTLFPVDEVTQLETHTFLDCHPNGSCDFVAGANLRTPDGPTGFPPGLWARQTTEIRSTNRLAYLDAHATSQFERVMKAGGSDVITTVYFGEGPPDKYQTTGVIDSTNWSTGQPMTDVNVIVCTHMQVVYPGVNLTSPSTCAQANFS,1-24,25-176,0.9783
sp|O07750|LPPE_MYCTU,140,LIPO,MCNRLVTVTGVAMVVAAGLSA,CGQAQTVPRKAARLTIDGVTHTTRPATCSQEHSYRTIDIRNHDSTVQAVVLLSGDRVIPQWVKIRNVDGFNGSFWHGGVGNARADRARNTYTVAGSAYGISSKKPNTVVSTDFNILAEC,1-21,22-140,0.8296
tr|O53291|O53291_MYCTU,359,LIPO,MRSTVAVAVAAAVIAASSG,CGSDQPAHKASQSMITPTTQIAGAGVLGNDRKPDESCARAAAAADPGPPTRPAHNAAGVSPEMVQVPAEAQRIVVLSGDQLDALCALGLQSRIVAAALPNSSSSQPSYLGTTVHDLPGVGTRSAPDLRAIAAAHPDLILGSQGLTPQLYPQLAAIAPTVFTAAPGADWENNLRGVGAATARIAAVDALITGFAEHATQVGTKHDATHFQASIVQLTANTMRVYGANNFPASVLSAVGVDRPPSQRFTDKAYIEIGTTAADLAKSPDFSAADADIVYLSCASEAAAERAAVILDSDPWRKLSANRDNRVFVVNDQVWQTGEGMVAARGIVDDLRWVDAPIN,1-19,20-359,0.9671
tr|O53383|O53383_MYCTU,281,SP,MFTGIASHAGALGAALVVLIGAAILHDGPAAA,DPNQDDRFLALLEKKEIPAVANVPRVIDAAHKVCRKLDGGMPVNDIVDGLRNDAYNIDPVMRLYPVRLTTTMTRFISAAVEIYCPNHHSKMAFAMANFEPGSNEPTHRVAASTRSAVNSGSDLRASVSDMTIMSPGWREPTGAMLASVLGAVRAGDPLIPNPPPIPVPPPAAQTLIPPPPIVAPPPPRPAPPQQPPPPPPEVEPPAGVPQSGGAAGSGGAGSGGGGGGDGPVEPSPARPMPPGFIRLAP,1-32,33-281,0.9603
tr|O53608|O53608_MYCTU,479,TAT,MAREISRQTFLRGAAGALAAGAVFGSVRATA,DPAASGWEALSSALGGKVLQPDDGPQFATAKQVFNTNYNGYTPAVIVTPTSQLDVQKAMAFAAANNLKVAPRGGGHSYVGASTANGAMVLDLRQLPGDINYDATTGRVTVTPATGLYAMHQVLAAAGRGIPTGTCPTVGVAGHALGGGLGANSRHAGLLCDQLTSASVVLPSGQAVTASATDHPDLFWALRGGGGGNFGVTTSLTFATFPSGDLDVVNLNFPPQSFAQVLVGWQNWLRTADRGSWALADATVDPLGTHCRILATCPAGSGGSVAAAIVSAVGTQPTGTENHTFNYLDLVRYLAVGNLNPSPLGYVGGSDVFTTITPATAQGIASAVDAFPRGAGRMLAIMHALDGALATVSPGATAFPWRRQSALVQWYVETSGSPSEATSWLNTAHQAVRAYSVGGYVNYLEVNQPPARYFGPNLSRLSAVRQKYDPSRVMFSGLNF,1-31,32-479,0.8933
sp|P96264|LPQL_MYCTU,500,LIPO,MVNKSRMMPAVLAVAVVVAFLTTG,CIRWSTQSRPVVNGPAAAEFAVALRNRVSTDAMMAHLSKLQDIANANDGTRAVGTPGYQASVDYVVNTLRNSGFDVQTPEFSARVFKAEKGVVTLGGNTVEARALEYSLGTPPDGVTGPLVAAPADDSPGCSPSDYDRLPVSGAVVLVDRGVCPFAQKEDAAAQRGAVALIIADNIDEQAMGGTLGANTDVKIPVVSVTKSVGFQLRGQSGPTTVKLTASTQSFKARNVIAQTKTGSSANVVMAGAHLDSVPEGPGINDNGSGVAAVLETAVQLGNSPHVSNAVRFAFWGAEEFGLIGSRNYVESLDIDALKGIALYLNFDMLASPNPGYFTYDGDQSLPLDARGQPVVPEGSAGIERTFVAYLKMAGKTAQDTSFDGRSDYDGFTLAGIPSGGLFSGAEVKKSAEQAELWGGTADEPFDPNYHQKTDTLDHIDRTALGINGAGVAYAVGLYAQDLGGPNGVPVMADRTRHLIAKP,1-24,25-500,0.9954
sp|P9WLF1|Y2277_MYCTU,301,SP,MPGRFTVALVIALGGTCGVADA,LPLGQTDDPMIVAHRAGTRDFPENTVLAITNAVAAGVDGMWLTVQVSSDGVPVLYRPSDLATLTDGAGPVNSKTVQQLQQLNAGWNFTTPGVEGHPYRQRATPIPTLEQAIGATPPDMTLFLDLKQTPPQPLVSAVAQVLTRTGAAGRSIVYSTNADITAAASRQEGLQVAESRDVTRQRLFNMALNHHCDPQPDPGKWAGFELHRDVTVTEEFTLGSGISAVNAELWDEASVDCFRSQSGMKVMGFAVKTVDDYRLAHKIGLDAVLVDSPLAAQQWRH,1-22,23-301,0.9794
tr|I6Y3N9|I6Y3N9_MYCTU,82,SP,MHALRLVGLAILTAIAPIAVLIGSSPAHA,DTDIGQPCSPEGAKLWGNPGPIYCERTADGQLQWVSIPAWALCVAFCDRPGGP,1-29,30-82,0.9658
sp|O33363|GDSL_MYCTU,231,SP,MSRPGTYVIGLTLLVGLVVG,NPGCPRSYRPLTLDYRLNPVAVIGDSYTTGTDEGGLGSKSWTARTWQMLAARGVRIAADVAAEGRAGYGVPGDHGNVFEDLTARAVQPDDALVVFFGSRNDQGMDPEDPEMLAEKVRDTFDLARHRAPSASLLVIAPPWPTADVPGPMLRIRDVLGAQARAAGAVFVDPIADHWFVDRPELIGADGVHPNDAGHEYLADKIAPLISMELVG,1-20,21-231,0.9802
sp|P9WIM9|PR28_MYCTU,310,SP,MIQIARTWRVFAGGMATGFIGVVLVTAGKASA,DPLLPPPPIPAPVSAPATVPPVQNLTALPGGSSNRFSPAPAPAPIASPIPVGAPGSTAVPPLPPPVTPAISGTLRDHLREKGVKLEAQRPHGFKALDITLPMPPRWTQVPDPNVPDAFVVIADRLGNSVYTSNAQLVVYRLIGDFDPAEAITHGYIDSQKLLAWQTTNASMANFDGFPSSIIEGTYRENDMTLNTSRRHVIATSGADKYLVSLSVTTALSQAVTDGPATDAIVNGFQVVAHAAPAQAPAPAPGSAPVGLPGQAPGYPPAGTLTPVPPR,1-32,33-310,0.9604
sp|P9WM47|Y1268_MYCTU,232,SP,MTTSKIATAFKTATFALAAGAVALGLASPADA,AAGTMYGDPAAAAKYWRQQTYDDCVLMSAADVIGQVTGREPSERAIIKVAQSTPSVVHPGSIYTKPADAEHPNSGMGTSVADIPTLLAHYGVDAVITDEDHATATGVATGMAALEQYLGSGHAVIVSINAEMIWGQPVEETDSAGNPRSDHAVVVTGVDTENGIVHLNDSGTPTGRDEQIPMETFVEAWATSHDFMAVTT,1-32,33-232,0.9731
tr|I6YAY5|I6YAY5_MYCTU,182,LIPO,MAHSIVRTLLASGAATALIAIPTA,CSFSIGTSHSHSVSKAEVARQITAKMTDAAGNKPESVTCPSDLPAEVGAELNCEMKIKDRTFNVNVTVTSVDGSDVKFDMVETVDKNQVANIISDKLFQRVGARPDSVTCPDNLKGVEGAKLRCRLTDGSKTYGISVIVTSVDAGDVNFDFKVDDHPE,1-24,25-182,0.9952
sp|O53168|RIPA_MYCTU,472,SP,MRRNRRGSPARPAARFVRPAIPSALSVALLVCTPGLATA,DPQTDTIAALIADVAKANQRLQDLSDEVQAEQESVNKAMVDVETARDNAAAAEDDLEVSQRAVKDANAAIAAAQHRFDTFAAATYMNGPSVSYLSASSPDEIIATVTAAKTLSASSQAVMANLQRARTERVNTESAARLAKQKADKAAADAKASQDAAVAALTETRRKFDEQREEVQRLAAERDAAQARLQAARLVAWSSEGGQGAPPFRMWDPGSGPAGGRAWDGLWDPTLPMIPSANIPGDPIAVVNQVLGISATSAQVTANMGRKFLEQLGILQPTDTGITNAPAGSAQGRIPRVYGRQASEYVIRRGMSQIGVPYSWGGGNAAGPSKGIDSGAGTVGFDCSGLVLYSFAGVGIKLPHYSGSQYNLGRKIPSSQMRRGDVIFYGPNGSQHVTIYLGNGQMLEAPDVGLKVRVAPVRTAGMTPYVVRYIEY,1-39,40-472,0.6487
sp|P9WGU1|PSTS1_MYCTU,374,LIPO,MKIRLHTLLAVLTAAPLLLAAAG,CGSKPPSGSPETGAGAGTVATTPASSPVTLAETGSTLLYPLFNLWGPAFHERYPNVTITAQGTGSGAGIAQAAAGTVNIGASDAYLSEGDMAAHKGLMNIALAISAQQVNYNLPGVSEHLKLNGKVLAAMYQGTIKTWDDPQIAALNPGVNLPGTAVVPLHRSDGSGDTFLFTQYLSKQDPEGWGKSPGFGTTVDFPAVPGALGENGNGGMVTGCAETPGCVAYIGISFLDQASQRGLGEAQLGNSSGNFLLPDAQSIQAAAAGFASKTPANQAISMIDGPAPDGYPIINYEYAIVNNRQKDAATAQTLQAFLHWAITDGNKASFLDQVHFQPLPPAVVKLSDALIATISS,1-23,24-374,0.997
sp|P9WIQ7|ERP_MYCTU,284,SP,MPNRRRRKLSTAMSAVAALAVASPCAYF,LVYESTETTERPEHHEFKQAAVLTDLPGELMSALSQGLSQFGINIPPVPSLTGSGDASTGLTGPGLTSPGLTSPGLTSPGLTDPALTSPGLTPTLPGSLAAPGTTLAPTPGVGANPALTNPALTSPTGATPGLTSPTGLDPALGGANEIPITTPVGLDPGADGTYPILGDPTLGTIPSSPATTSTGGGGLVNDVMQVANELGASQAIDLLKGVLMPSIMQAVQNGGAAAPAASPPVPPIPAAAAVPPTDPITVPVA,1-28,29-284,0.2836
sp|P9WLS1|Y1813_MYCTU,143,SP,MITNLRRRTAMAAAGLGAALGLGILLVPTVDA,HLANGSMSEVMMSEIAGLPIPPIIHYGAIAYAPSGASGKAWHQRTPARAEQVALEKCGDKTCKVVSRFTRCGAVAYNGSKYQGGTGLTRRAAEDDAVNRLEGGRIVNWACN,1-32,33-143,0.8091
sp|P9WM15|Y1352_MYCTU,123,SP,MARTLALRASAGLVAGMAMAAITLAPGARA,ETGEQFPGDGVFLVGTDIAPGTYRTEGPSNPLILVFGRVSELSTCSWSTHSAPEVSNENIVDTNTSMGPMSVVIPPTVAAFQTHNCKLWMRIS,1-30,31-123,0.9787
sp|P9WN33|ASNH_MYCTU,652,SP,MCGLLAFVAAPAGA,AGPEGADAASAIARASHLMRHRGPDESGTWHAVDGASGGVVFGFNRLSIIDIAHSHQPLRWGPPEAPDRYVLVFNGEIYNYLELRDELRTQHGAVFATDGDGEAILAGYHHWGTEVLQRLRGMFAFALWDTVTRELFCARDPFGIKPLFIATGAGGTAVASEKKCLLDLVELVGFDTEIDHRALQHYTVLQYVPEPETLHRGVRRLESGCFARIRADQLAPVITRYFVPRFAASPITNDNDQARYDEITAVLEDSVAKHMRADVTVGAFLSGGIDSTAIAALAIRHNPRLITFTTGFEREGFSEIDVAVASAEAIGARHIAKVVSADEFVAALPEIVWYLDEPVADPALVPLFFVAREARKHVKVVLSGEGADELFGGYTIYREPLSLRPFDYLPKPLRRSMGKVSKPLPEGMRGKSLLHRGSLTLEERYYGNARSFSGAQLREVLPGFRPDWTHTDVTAPVYAESAGWDPVARMQHIDLFTWLRGDILVKADKITMANSLELRVPFLDPEVFAVASRLPAGAKITRTTTKYALRRALEPIVPAHVLHRPKLGFPVPIRHWLRAGELLEWAYATVGSSQAGHLVDIAAVYRMLDEHRCGSSDHSRRLWTMLIFMLWHAIFVEHSVVPQISEPQYPVQL,1-14,15-652,0.9647
sp|I6Y9J2|LDT2_MYCTU,408,LIPO,MPKVGIAAQAGRTRVRRAWLTALMMTAVMIGAVA,CGSGRGPAPIKVIADKGTPFADLLVPKLTASVTDGAVGVTVDAPVSVTAADGVLAAVTMVNDNGRPVAGRLSPDGLRWSTTEQLGYNRRYTLNATALGLGGAATRQLTFQTSSPAHLTMPYVMPGDGEVVGVGEPVAIRFDENIADRGAAEKAIKITTNPPVEGAFYWLNNREVRWRPEHFWKPGTAVDVAVNTYGVDLGEGMFGEDNVQTHFTIGDEVIATADDNTKILTVRVNGEVVKSMPTSMGKDSTPTANGIYIVGSRYKHIIMDSSTYGVPVNSPNGYRTDVDWATQISYSGVFVHSAPWSVGAQGHTNTSHGCLNVSPSNAQWFYDHVKRGDIVEVVNTVGGTLPGIDGLGDWNIPWDQWRAGNAKA,1-34,35-408,0.9965
tr|O05436|O05436_MYCTU,802,SP,MTALQLGWAALARVTSAIGVVAGLGMALTVPSAAPHALA,GEPSPTPFVQVRIDQVTPDVVTTSSEPHVTVSGTVTNTGDRPVRDVMVRLEHAAAVTSSTALRTSLDGGTDQYQPAADFLTVAPELDRGQEAGFTLSAPLRSLTRPSLAVNQPGIYPVLVNVNGTPDYGAPARLDNARFLLPVVGVPPDQATDFGSAVAPETTAPVWITMLWPLADRPRLAPGAPGGTVPVRLVDDDLANSLANGGRLDILLSAAEFATNREVDPDGAVGRALCLAIDPDLLITVNAMTGGYVVSDSPDGAAQLPGTPTHPGTGQAAASSWLDRLRTLVHRTCVTPLPFAQADLDALQRVNDPRLSAIATISPADIVDRILDVSSTRGATVLPDGPLTGRAINLLSTHGNTVAVAAADFSPEEQQGSSQIGSALLPATAPRRLSPRVVAAPFDPAVGAALAAAGTNPTVPTYLDPSLFVRIAHESITARRQDALGAMLWRSLEPNAAPRTQILVPPASWSLASDDAQVILTALATAIRSGLAVPRPLPAVIADAAARTEPPEPPGAYSAARGRFNDDITTQIGGQVARLWKLTSALTIDDRTGLTGVQYTAPLREDMLRALSQSLPPDTRNGLAQQRLAVVGKTIDDLFGAVTIVNPGGSYTLATEHSPLPLALHNGLAVPIRVRLQVDAPPGMTVADVGQIELPPGYLPLRVPIEVNFTQRVAVDVSLRTPDGVALGEPVRLSVHSNAYGKVLFAITLSAAAVLVTLAGRRLWHRFRGQPDRADLDRPDLPTGKHAPQRRAVASRDDEKHRV,1-39,40-802,0.9335
tr|O06155|O06155_MYCTU,452,LIPO,MGPARLHNRRAGRRMLALSAAAALIVALASG,CSSAPTPSANAANHGHRIDTRTPPGLRAQQTMDMLNSDWPIGEIGVGTLAAPGQVDTVKTTMEALWWDRPFALAGVDIGASVAALHLISSYGAQQDIRIHTDDDGWVDRFDVETQAPSIASWRDVDAALSKTGARYSFQVAKVDNGRCDPVAGTNTGESLPLASIFKLYVLHALAGAVQHNTVSWDDLLTVTAKSKAVGSSGLELPVGARVSVRTAAEKMIATSDNMATDLLIERLGTRAIEEALASAGHHDPASMTPFPTMYELFSVGWGKPDLRDQWKHATQQVRAQILRQTNSTPYQPDPTRAHTPASNYGAEWYGSAEDICRVHAALRADAVGPASPVRQIMSAVPGIQLDRSVWPYIGAKAGGLPGDLTFSWYAVDKTGQPWVVSFQLNWPRDHGPTVTGWMLQVARQVFALIAPQ,1-31,32-452,0.9942
tr|O53850|O53850_MYCTU,256,LIPO,MRLIGRLRLLMVGLVVICGACA,CDRVSAGRWSESPSATSWPVRPVNTTTPSGPVPPVSEAARAAGLVDVRGVVPDAAIDLRYATANNFTGTQLYPPGARCLVHESMAEGLAAAAAVLRPHGQVLVFWDCYRPHDVQVRMFDVVPNPAWVARPGKYAHSHEAGRSVDVTFASAQRQCPSVRRSGELCLADMGTDFDDFSSRATAFATQGVSAEAQANRAHLRAAMQAGGLTVYSGEWWHFDGPGAGVDRPILEVPVD,1-22,23-256,0.84
tr|P96226|P96226_MYCTU,94,SP,MTAIGMSHPPRVHRRVGGQRTALTAGIGLLLAALVLTTIANPPAAFA,HTAQLSTATPAPAVAATDANDVPTWPFVVGTVAAVAVAALWAVRRGR,1-47,48-94,0.7448
sp|P9WLX9|Y1419_MYCTU,157,SP,MGELRLVGGVLRVLVVVGAVFDVAVLNAGAASA,DGPVQLKSRLGDVCLDAPSGSWFSPLVINPCNGTDFQRWNLTDDRQVESVAFPGECVNIGNALWARLQPCVNWISQHWTVQPDGLVKSDLDACLTVLGGPDPGTWVSTRWCDPNAPDQQWDSVP,1-33,34-157,0.9687
sp|I6X8R5|RV203_MYCTU,136,SP,MKTGTATTRRRLLAVLIALALPGAAVALLAEPSATG,ASDPCAASEVARTVGSVAKSMGDYLDSHPETNQVMTAVLQQQVGPGSVASLKAHFEANPKVASDLHALSQPLTDLSTRCSLPISGLQAIGLMQAVQGARR,1-36,37-136,0.9464
sp|O05458|MYCP2_MYCTU,550,SP,MASPLNRPGLRAAAASAALTLVALSANVPAAQA,IPPPSVDPAMVPADARPGPDQPMRRSNSCSTPITVRNPDVAQLAPGFNLVNISKAWQYSTGNGVPVAVIDTGVSPNPRLPVVPGGDYIMGEDGLSDCDAHGTVVSSIIAAAPLGILPMPRAMPATAAFPPPAGPPPVTAAPAPPVEVPPPMPPPPPVTITQTVAPPPPPPEDAGAMAPSNGPPDPQTEDEPAVPPPPPGAPDGVVGVAPHATIISIRQSSRAFEPVNPSSAGPNSDEKVKAGTLDSVARAVVHAANMGAKVINISVTACLPAAAPGDQRVLGAALWYAATVKDAVIVAAAGNDGEAGCGNNPMYDPLDPSDPRDWHQVTVVSSPSWFSDYVLSVGAVDAYGAALDKSMSGPWVGVAAPGTHIMGLSPQGGGPVNAYPPSRPGEKNMPFWGTSFSAAYVSGVAALVRAKFPELTAYQVINRIVQSAHNPPAGVDNKLGYGLVDPVAALTFNIPSGDRMAPGAQSRVITPAAPPPPPDHRARNIAIGFVGAVATGVLAMAIGARLRRAR,1-33,34-550,0.9654
sp|O53361|SAPM_MYCTU,299,SP,MLRGIQALSRPLTRVYRALAVIGVLAASLLASWVGAVPQVGLA,ASALPTFAHVVIVVEENRSQAAIIGNKSAPFINSLAANGAMMAQAFAETHPSEPNYLALFAGNTFGLTKNTCPVNGGALPNLGSELLSAGYTFMGFAEDLPAVGSTVCSAGKYARKHVPWVNFSNVPTTLSVPFSAFPKPQNYPGLPTVSFVIPNADNDMHDGSIAQGDAWLNRHLSAYANWAKTNNSLLVVTWDEDDGSSRNQIPTVFYGAHVRPGTYNETISHYNVLSTLEQIYGLPKTGYATNAPPITDIWGD,1-43,44-299,0.734
tr|O53963|O53963_MYCTU,423,LIPO,MVRLIPSLLAMATVLGGVIG,CSAHQPPTPASGCRQLDAFLKWHHGVREFLQSAIDANSRCTGTADGSARKVAIFDWDNTVVKNDIGYATNYYMLQHSLVLQPANQDWHAASRYLTDAAANALSVACGKVVPAGKPLPTGSNALCANEILSLLDGETTTGQPAFVGNNVRRLAGPYAWSNALSAGYTAEELAGFADQAKKQNLAADVGATQQVGTQQVDGYIRVYPQMKDLIGTLQAHGIDTWVVSASPEPIVKVWAGEVGLDDQHVVGVRSVADQSGKLTAHLVGCGGVRDGDDSVMTYLDGKRCWANQVIFGVTGPQAFNQLAADRRQVLAAGDSNSDATFVGDATVVSLVINRNQDDLMCRAYDGLFTRGGKWAINPMFIDPLPQHAPYVCGEAFINPDGSKQPVLRNDGTPIPDQVDSVF,1-20,21-423,0.9935
sp|P9WG29|RPFB_MYCTU,362,SP,MLRLVVGALLLVLAFAGGYAVA,ACKTVTLTVDGTAMRVTTMKSRVIDIVEENGFSVDDRDDLYPAAGVQVHDADTIVLRRSRPLQISLDGHDAKQVWTTASTVDEALAQLAMTDTAPAAASRASRVPLSGMALPVVSAKTVQLNDGGLVRTVHLPAPNVAGLLSAAGVPLLQSDHVVPAATAPIVEGMQIQVTRNRIKKVTERLPLPPNARRVEDPEMNMSREVVEDPGVPGTQDVTFAVAEVNGVETGRLPVANVVVTPAHEAVVRVGTKPGTEVPPVIDGSIWDAIAGCEAGGNWAINTGNGYYGGVQFDQGTWEANGGLRYAPRADLATREEQIAVAEVTRLRQGWGAWPVCAARAGAR,1-22,23-362,0.4907
sp|P9WK53|LPRB_MYCTU,185,LIPO,MRRKVRRLTLAVSALVALFPAVAG,CSDSGDNKPGATIPSTPANAEGRHGPFFPQCGGVSDQTVTELTRVTGLVNTAKNSVGCQWLAGGGILGPHFSFSWYRGSPIGRERKTEELSRASVEDINIDGHSGFIAIGNEPSLGDSLCEVGIQFSDDFIEWSVSFSQKPFPLPCDIAKELTRQSIANSK,1-24,25-185,0.9961
sp|P9WK69|LPPP_MYCTU,175,LIPO,MRRQRSAVPILALLALLALLALIVGLGASG,CAWKPPTTRPSPPNTCKDSDGPTADTVRQAIAAVPIVVPGSKWVEITRGHTRNCRLHWVQIIPTIASQSTPQQLLFFDRNIPLGSPTRNPKPYITVLPAGDDTVTVQYQWQIGSDQECCPTGIGTVRFHIGSDGKLEALGSIPHQ,1-30,31-175,0.9812
sp|P9WK77|LPPJ_MYCTU,187,LIPO,MPHSTADRRLRLTRQALLAAAVVPLLAG,CALVMHKPHSAGSSNPWDDSAHPLTDDQAMAQVVEPAKQIVAAADLQAVRAGFSFTSCNDQGDPPYQGTVRMAFLLQGDHDAYFQHVRAAMLSHGWIDGPPPGQYFHGITLHKNGVTANMSLALDHSYGEMILDGECRNTTDHHHDDETTNITNQLVQP,1-28,29-187,0.995
tr|I6WZ30|I6WZ30_MYCTU,165,LIPO,MVEKPLRADRATHSRLATFALALAAAALPLAG,CSSTANPPAATTTPATATTTTATSGPTAAPTVTTGESTTASIQIGDMLTYGSIGTTATLDCADGKSLNVAGSDNTLTVNGTCETVTVGGANNKIAFDRIDERLVVVGLDNTVTYKNGDPTIDNLGAGNRINKE,1-32,33-165,0.9931
sp|I6WZK7|MMCO_MYCTU,504,TATLIPO,MPELATSGNAFDKRRFSRRGFLGAGIASGFALAA,CASKPTASGAAGMTAAIDAAEAARPHSGRTVTATLTPQPARIDLGGPIVSTLTYGNTIPGPLIRATVGDEIVVSVTNRLGDPTSVHWHGIALRNDMDGTEPATANIGPGGDFTYRFSVPDPGTYWAHPHVGLQGDHGLYLPVVVDDPTEPGHYDAEWIIILDDWTDGIGKSPQQLYGELTDPNKPTMQNTTGMPEGEGVDSNLLGGDGGDIAYPYYLINGRIPVAATSFKAKPGQRIRIRIINSAADTAFRIALAGHSMTVTHTDGYPVIPTEVDALLIGMAERYDVMVTAAGGVFPLVALAEGKNALARALLSTGAGSPPDPQFRPDELNWRVGTVEMFTAATTANLGRPEPTHDLPVTLGGTMAKYDWTINGEPYSTTNPLHVRLGQRPTLMFDNTTMMYHPIHLHGHTFQMIKADGSPGARKDTVIVLPKQKMRAVLVADNPGVWVMHCHNNYHQVAGMATRLDYIL,1-34,35-504,0.8692
sp|O53780|LPQN_MYCTU,228,LIPO,MKHFTAAVATVALSLALAG,CSFNIKTDSAPTTSPTTTSPTTSTTTTSATTSAQAAGPNYTIADYIRDNHIQETPVHHGDPGSPTIDLPVPDDWRLLPESSRAPYGGIVYTQPADPNDPPTIVAILSKLTGDIDPAKVLQFAPGELKNLPGFQGSGDGSAATLGGFSAWQLGGSYSKNGKLRTVAQKTVVIPSQGAVFVLQLNADALDDETMTLMDAANVIDEQTTITP,1-19,20-228,0.9972
tr|P71750|P71750_MYCTU,643,LIPO,MSVWLRAGALVAAVMLSLSG,CGGFHAGAPSTAGPCEIVPNGTPAPKTPPATVPSSRNLATNPEIATGYRRDMTVVRTAHYAAATANPLATQVACRVLRDGGTAADAVVAAQAVLGLVEPQSSGIGGGGYLVYFDARTGSVQAYDGREVAPAAATENYLRWVSDVDRSAPRPNARASGRSIGVPGILRMLEMVHNEHGRTPWRDLFGPAVTLADGGFDISARMGAAISDAAPQLRDDPEARKYFLNPDGSPKPAGTRLTNPAYSKTLSAIASAGANAFYSGDIAHDIVAAASDTSNGRTPGLLTIEDLAGYLAKRRQPLCTTYRGREICGMPSSGGVAVAATLGILEHFPMSDYAPSKVDLNGGRPTVMGVHLIAEAERLAYADRDQYIADVDFVRLPGGSLTTLVDPGYLAARAALISPQHSMGSARPGDFGAPTAVAPPVPEHGTSHLSVVDSYGNAATLTTTVESSFGSYHLVDGFILNNQLSDFSAEPHATDGSPVANRVEPGKRPRSSMAPTLVFDHSSAGRGALYAVLGSPGGSMIIQFVVKTLVAMLDWGLNPQQAVSLVDFGAANSPHTNLGGENPEINTSDDGDHDPLVQGLRALGHRVNLAEQSSGLSAITRSEAGWAGGADPRREGAVMGDDA,1-20,21-643,0.9931
sp|P9WM17|Y1351_MYCTU,109,LIPO,MTPRSLPRYGNSSRRKSFPMHRPSNVATATRKKSSIGWVLLACSVAG,CKGIDTTEFILGRAGAFELAVRAAQHRHRYLTMVNVGRAPPRRCRTVCMAATDTPRNIRLNG,1-47,48-109,0.4768
tr|I6YGI1|I6YGI1_MYCTU,88,TAT,MSGADPPTRRAFGQMARAATGWVSVSGQFAVA,ADTCRCEGTLFAVDPETHVANHNRCDIVGRLRDERPNTLRSVRRGDEVRMATWHWI,1-32,33-88,0.6282
tr|O06392|O06392_MYCTU,216,LIPO,MQSRATRRSGALTMRRLVIAAAVSALLLTG,CSGRDAVAQGGTFEFVSPGGKTDIFYDPPASRGRPGPLSGPELADPARSVSLDDFPGQVVVVNVWGQWCGPCRAEVSQLQRVYDATRGAGVSFLGIDVRDNNRQAPQDFINDRHVTYPSIYDPAMRTLIAFGGKYPTSVIPSTLVLDRQHRVAAVFLRELLAADLQPVVERVAEEEPSGRAPVGAQ,1-30,31-216,0.9956
tr|O50459|O50459_MYCTU,286,LIPO,MRITRILALLLAVLLAVSGVAG,CSADTGDRHPELVVGSTPDSEAMLLAAIYVAALRSYGFAAHAETAADPVAKLDSGAFTVVPAFTGQMLQTLQPDASVRSDAQVYRAIVSALPEGIAAGDYTTAAEDKPALVVTQSTAKAWGGGDLSELPSHCRGLLVGRVAGAHTPAAVGPCRLPAPREFRNDATMFAALRAGQLVAAWTTTADPDIPADLIMLTDGKPALIRAENIVPLYRRNALTERQLLAVNEVAGVLDTTALIGMRRQVAAGADPAAVAAGWLAEHPLGR,1-22,23-286,0.9961
sp|P9WK39|LPRP_MYCTU,224,LIPO,MKRTSRSLTAALLGIAALLAG,CIKPNTFDPYANPGRGELDRRQKIVNGRPDLETVQQQLANLDATIRAMIAKYSPQTRFSTGVTVSHLTNGCNDPFTRTIGRQEASELFFGRPAPTPQQWLQIVTELAPVFKAAGFRPNNSVPGDPPQPLGAPNYSQIRDDGVTINLVNGDNRGPLGYSYNTGCHPPAAWRTAPPPLNMRPANDPDVHYPYLYGSPGGRTRDAY,1-21,22-224,0.9947
sp|P9WK43|LPRH_MYCTU,228,LIPO,MACLGRPGCRGWAGASLVLVVVLALAA,CTESVAGRAMRATDRSSGLPTSAKPARARDLLLQDGDRAPFGQVTQSRVGDSYFTSAVPPECSAALLFKGSPLRPDGSSDHAEAAYNVTGPLPYAESVDVYTNVLNVHDVVWNGFRDVSHCRGDAVGVSRAGRSTPMRLRYFATLSDGVLVWTMSNPRWTCDYGLAVVPHAVLVLSACGFKPGFPMAEWASKRRAQLDSQV,1-27,28-228,0.8261
sp|P9WK81|LPPA_MYCTU,219,LIPO,MIAPQPISRTLPRWQRIVALTMIGISTALIGG,CTMDHNPDTSRRLTGEQKIQLIDSMRNKGSYEAARERLTATARIIADRVSAAIPGQTWKFDDDPNIQQSDRNGALCDKLTADIARRPIANSVMFGATFSAEDFKIAANIVREEAAKYGATTESSLFNESAKRDYDVQGNGYEFRLLQIKFATLNITGDCFLLQKVLDLPAGQLPPEPPIWPTTSTPH,1-32,33-219,0.9953
sp|P9WLE1|Y2293_MYCTU,246,SP,MGAPLRHCLLVAAALSLGCGVAAA,DPGYVANVIPCEQRTLVLSAFPAEADAVLAHTALDANPVVVADRRRYYLGSISGKKVIVAMTGIGLVNATNTTETAFARFTCASSIAIAAVMFSGVAGGAGRTSIGDVAIPARWTLDNGATFRGVDPGMLATAQTLSVVLDNINTLGNPVCLCRNVPVVRLNHLGRQPQLFVGGDGSSSDKNNGQAFPCIPNGGSVFAANPVVHPIAHLAIPVTFSRRRDPG,1-24,25-246,0.6519
tr|O06823|O06823_MYCTU,202,SP,MTLMAIVNRFNIKVIAGAGLFAAAIALSPDAAA,DPLMTGGYACIQGMAGDAPVAAGDPVAAGGPAAAGACSAALTDMAGVPFVAPGPVPAAAPVPIGAPVPIPGAPVPIPGAPVPIPGGPVPIPGAPVPVPAVPAPVIPVGTPLIALGPVLAGAPGDGVVSAPIIGMSGVKDALTDPAPAGGPVPGQPVLPGPSASAPAGAR,1-33,34-202,0.9713
tr|O07242|O07242_MYCTU,294,TAT,MLMPEMDRRRMMMMAGFGALAAALPAPTAWA,DPSRPAAPAGPTPAPAAPAAATGGLLFHDEFDGPAGSVPDPSKWQVSNHRTPIKNPVGFDRPQFFGQYRDSRQNVFLDGNSNLVLRATREGNRYFGGLVHGLWRGGIGTTWEARIKFNCLAPGMWPAWWLSNDDPGRSGEIDLIEWYGNGTWPSGTTVHANPDGTAFETCPIGVDGGWHNWRVTWNPSGMYFWLDYADGIEPYFSVPATGIEDLNEPIREWPFNDPGYKVFPVLNLAVGGSGGGDPATGSYPQEMLVDWVRVF,1-31,32-294,0.9345
tr|O50382|O50382_MYCTU,86,TAT,MSRQTFLRGAVGAPATSAVFPTILARA,TPGDGWASLASSIGGQVLLPANGRAFTSGKQIFNSNYSGLNPAAVVTVASQADVRKAVS,1-27,28-86,0.9082
sp|O86365|Y584_MYCTU,877,SP,MRARRLRRALAALLAVAGLFVPFIVGVPTAYD,GEPVFVAIPVEHVNTLIGTGTGAAIVGEINNFPGASVPFGMVQYSPDTVDNYAGYDYDNPHSTGFSMTHASVGCPAFGDISMLPTTTPLGSQPWSAWEEIAHDDTEVGVPGYYTVRFPGTGVIAELTATTRTGVGRFRYPRNGWPALFHVRSGASLAGNYAATLQIEDNTTITGSATSGGFCGKKNLYTVYFAMKFSQPFSSYGTWDGYAVYPGSHSMNSSYSGGYVGFPAGSVLEVRTALSYVSVDGARANLDAEGGASFDDIRAATSSEWNAALSRIAVAGRGPGDVDTFYTCLYRSLLHPNTFNDVDGRYIGFDGVIHSVASGHTHYANFSDWDTYRSLAPLQGLLFPQRASDMIQSLVTDAEQSGAYPRWALANSATGMMSGDSVVPLIVNLYAFGARDFDLKSALHYMVNAATQGGVGLDGFLERPGIAAYLRLGYGPQTAEFRANGRIAGASVTLEWSVDDFAISRFADSLGDTATAAVFQNRSQYWQNLFNPTTGYISPRSAAGFFPDGPGFVAYPSGFGQDGYDEGNAEQYLWWVPHNVAGLVTALGGRTAVVKRLDRFTKKLNVGPNEPYLWAGNEPGFGVPWLYNYIGQPWKTQRTVDRVRGLFGPTPGGAPGNDDLGALSSWYVWAALGLYPSTPGTTILTVNTPLFDRAVIALPTGKSIQITAPGASGRNRLKYIDGLTIDRQPSNQTFLPESIVRTGGDLTFSLAGTPNKVWGTAASAAPPSFGAGSSAVTVNIARPIIGIVPGATGTVTVDAQRMIDGVDDYTVTPTSYVVGIAAEPLSGQFDDDGAVSASVAITVARSVPSGYYPIYVTTSAGDSARTLIVLVVVAEAVE,1-32,33-877,0.9715
tr|P71619|P71619_MYCTU,436,TATLIPO,MDPLNRRQFLALAAAAAGVTAG,CAGMGGGGSVKSGSGPIDFWSSHPGQSSAAERELIGRFQDRFPTLSVKLIDAGKDYDEVAQKFNAALIGTDVPDVVLLDDRWWFHFALSGVLTALDDLFGQVGVDTTDYVDSLLADYEFNGRHYAVPYARSTPLFYYNKAAWQQAGLPDRGPQSWSEFDEWGPELQRVVGAGRSAHGWANADLISWTFQGPNWAFGGAYSDKWTLTLTEPATIAAGNFYRNSIHGKGYAAVANDIANEFATGILASAVASTGSLAGITASARFDFGAAPLPTGPDAAPACPTGGAGLAIPAKLSEERKVNALKFIAFVTNPTNTAYFSQQTGYLPVRKSAVDDASERHYLADNPRARVALDQLPHTRTQDYARVFLPGGDRIISAGLESIGLRGADVTKTFTNIQKRLQVILDRQIMRKLAGHG,1-22,23-436,0.856
tr|P71655|P71655_MYCTU,187,LIPO,MRWPTAWLLALVCVMATG,CGPSGHGTRAGEEGPLSPEKVAELENPLRAKPPLEDAKDQYRAAVTQLANAITALVPGLTWRTDMDTWTGCGGEYEWTRAKAAYFMIVFSGPIPDDKWLQAVQIVKDGVEQFGATGFGVMKNKPADHDVYFAGHGGVEFKCSTQKAAVLTAQSDCRISRTDTPKPSPTP,1-18,19-187,0.9977
tr|P96378|P96378_MYCTU,243,LIPO,MSPRRWLRAVAVIGATAMLLASS,CTWQLSLFITDGVPPPPGDPVPPVDTHAGGRPADQLREWAEKRAAALGIPVIALEAYAYAARVAEVENPKCHLAWTTLAGIGRVESHHGTYRGATIAPNGDVSPPIRGVRLDGTGGTLRIVDRDGGGLDGDAAVERAMGPMQFISETWRLYGVAARNDGIANVDNIDDAALSAAGYLCWRGKDLATPRGWITALRAYNNSVIYARAVRDWATAYAAGHPL,1-23,24-243,0.9948
sp|P96419|AFTD_MYCTU,1400,SP,MAPLSRKWLPVVGAVALALTFAQSPGQVSP,DTKLDLTANPLRFLARATNLWNSDLPFGQAQNQAYGYLFPHGTFFVIGHLLGVPGWVTQRLWWAVLLTVGFWGLLRVAEALGVGGPSSRVVGAVAFALSPRVLTTLGSISSETLPMMLAPWVLLPTILALRGTSGRSVRALAAQAGLAVALMGAVNAIATLAGCLPAVIWWACHRPNRLWWRYTAWWLLAMALATLWWVMALTQLHGVSPPFLDFIESSGVTTQWSSLVEVLRGTDSWTPFVAPNATAGAPLVTGSAAILGTCLVAAAGLAGLTSPAMPARGRLVTMLLVGVVLLAVGHRGGLASPVAHPVQAFLDAAGTPLRNVHKVGPVIRLPLVLGLAQLLSRVPLPGSAPRPAWLRAFAHPERDKRVAVAVVALTALMVSTSLAWTGRVAPPGTFGALPQYWQEAADWLRTHHAATPTPGRVLVVPGAPFATQVWGTSHDEPLQVLGDGPWGVRDSIPLTPPQTIRALDSVQRLFAAGRPSAGLADTLARQGISYVLVRNDLDPETSRSARPILLHRSIAGSPGLAKLAEFGAPVGPDPLAGFVNDSGLRPRYPAIEIYRVSAPANPGAPYFAATDQLARVDGGPEVLLRLDERRRLQGQPPLGPVLMTADARAAGLPVPQVAVTDTPVARETDYGRVDHHSSAIRAPGDARHTYNRVPDYPVPGAEPVVGGWTGGRITVSSSSADATAMPDVAPASAPAAAVDGDPATAWVSNALQAAVGQWLQVDFDRPVTNAVVTLTPSATAVGAQVRRILIETVNGSTTLRFDEAGKPLTAALPYGETPWVRFTAAATDDGSAGVQFGITDLAITQYDASGFAHPVQLRHTVLVPGPPPGSAIAGWDLGSELLGRPGCAPGPDGVRCAASMALAPEEPANLSRTLTVPRPVSVTPMVWVRPRQGPKLADLIAAPSTTRASGDSDLVDILGSAYAAADGDPATAWTAPQRVVQHKTPPTLTLTLPRPTVVTGLRLAASRSMLPAHPTVVAINLGDGPQVRQLQVGELTTLWLHPRVTDTVSVSLLDWDDVIDRNALGFDQLKPPGLAEVVVLSAGGAPIAPADAARNRARALTVDCDHGPVVAVAGRFVHTSIRTTVGALLDGEPVAALPCEREPIALPAGQQELLISPGAAFVVDGAQLSTPGAGLSSATVTSAETGAWGPTHREVRVPESATSRVLVVPESINSGWVARTSTGARLTPIAVNGWQQAWVVPAGNPGTITLTFAPNSLYRASLAIGLALLPLLALLAFWRTGRRQLADRPTPPWRPGAWAAAGVLAAGAVIASIAGVMVMGTALGVRYALRRRERLRDRVTVGLAAGGLILAGAALSRHPWRSVDGYAGNWASVQLLALISVSVVAASVVATSESRGQDRMQ,1-30,31-1400,0.4542
sp|P9WL81|Y2577_MYCTU,529,TAT,MGADLKQPQDADSPPKGVSRRRFLTTGAAAVVGTGVGAGGTALLSSHP,RGPAVWYQRGRSGAPPVGGLHLQFGRNASTEMVVSWHTTDTVGNPRVMLGTPTSGFGSVVVAETRSYRDAKSNTEVRVNHAHLTNLTPDTDYVYAAVHDGTTPELGTARTAPSGRKPLRFTSFGDQSTPALGRLADGRYVSDNIGSPFAGDITIAIERIAPLFNLINGDLCYANLAQDRIRTWSDWFDNNTRSARYRPWMPAAGNHENEVGNGPIGYDAYQTYFAVPDSGSSPQLRGLWYSFTAGSVRVISLHNDDVCYQDGGNSYVRGYSGGEQRRWLQAELANARRDSEIDWVVVCMHQTAISTADDNNGADLGIRQEWLPLFDQYQVDLVVCGHEHHYERSHPLRGALGTDTRTPIPVDTRSDLIDSTRGTVHLVIGGGGTSKPTNALLFPQPRCQVITGVGDFDPAIRRKPSIFVLEDAPWSAFRDRDNPYGFVAFDVDPGQPGGTTSIKATYYAVTGPFGGLTVIDQFTLTKPRGG,1-48,49-529,0.3636
tr|O33224|O33224_MYCTU,185,LIPO,MSRQWHWLAATLLLITTAA,CSRPGTEEPDCPTKITLPPGATPTTTLDPRCIVRATTTGTADGDAASRWTGTVRIAGFYASICNAVWDGNVSLAGKDELTGKATLILVETSCPGKVVAGELVLKGNVGSDSLAITWAHPELPQRAFDLGAGQGTIRRSGDRAEGTFNSDMGGGTEFFLTWSLTMRN,1-19,20-185,0.969
tr|O53948|O53948_MYCTU,63,LIPO,MSVKSKNGRLAARVLVALAALFAMIALTGSA,CLAEGPPLGRNPQGAPAPVGGTVIVAPMHSGV,1-31,32-63,0.2885
sp|P96809|FHMAD_MYCTU,360,TATLIPO,MTGISRRTFGLAAGFGAIGAGGLGGG,CSTRSGPTPTPEPASRGVGVVLSHEQFRTDRLVAHAQAAEQAGFRYVWASDHLQPWQDNEGHSMFPWLTLALVGNSTSSILFGTGVTCPIYRYHPATVAQAFASLAILNPGRVFLGLGTGERLNEQAATDTFGNYRERHDRLIEAIVLIRQLWSGERISFTGHYFRTDELKLYDTPAMPPPIFVAASGPQSATLAGRYGDGWIAQARDINDAKLLAAFAAGAQAAGRDPTTLGKRAELFAVVGDDKAAARAADLWRFTAGAVDQPNPVEIQRAAESNPIEKVLANWAVGTDPGVHIGAVQAVLDAGAVPFLHFPQDDPITAIDFYRTNVLPELR,1-26,27-360,0.8471
sp|P9WK73|LPPN_MYCTU,175,LIPO,MRLPGRHVLYALSAVTMLAA,CSSNGARGGIASTNMNPTNPPATAETATVSPTPAPQSARTETWINLQVGDCLADLPPADLSRITVTIVDCATAHSAEVYLRAPVAVDAAVVSMANRDCAAGFAPYTGQSVDTSPYSVAYLIDSHQDRTGADPTPSTVICLLQPANGQLLTGSARR,1-20,21-175,0.9933
sp|P9WLG7|Y2240_MYCTU,196,LIPO,MLIGWRAVPRRHGGELPRRGALALGCIALLLMGIVG,CTTVTDGTAMPDTNVAPAYRSSVSASVSASAATSSIRESQRQQSLTTKAIRTSCDALAATSKDAIDKVNAYVAAFNQGRNTGPTEGPAIDALNNSASTVSGSLSAALSAQLGDALNAYVDAARAVANAIGAHASTAEFNRRVDRLNDTKTKALTMCVAAF,1-36,37-196,0.9653
sp|P9WP39|CULP3_MYCTU,262,SP,MNNRPIRLLTSGRAGLGAGALITAVVLLIALGAVWTPVAFA,DGCPDAEVTFARGTGEPPGIGRVGQAFVDSLRQQTGMEIGVYPVNYAASRLQLHGGDGANDAISHIKSMASSCPNTKLVLGGYSQGATVIDIVAGVPLGSISFGSPLPAAYADNVAAVAVFGNPSNRAGGSLSSLSPLFGSKAIDLCNPTDPICHVGPGNEFSGHIDGYIPTYTTQAASFVVQRLRAGSVPHLPGSVPQLPGSVLQMPGTAAPAPESLHGR,1-41,42-262,0.9232
sp|P9WP69|COX2_MYCTU,363,LIPO,MTPRGPGRLQRLSQCRPQRGSGGPARGLRQLALAAMLGALAVTVSG,CSWSEALGIGWPEGITPEAHLNRELWIGAVIASLAVGVIVWGLIFWSAVFHRKKNTDTELPRQFGYNMPLELVLTVIPFLIISVLFYFTVVVQEKMLQIAKDPEVVIDITSFQWNWKFGYQRVNFKDGTLTYDGADPERKRAMVSKPEGKDKYGEELVGPVRGLNTEDRTYLNFDKVETLGTSTEIPVLVLPSGKRIEFQMASADVIHAFWVPEFLFKRDVMPNPVANNSVNVFQIEEITKTGAFVGHCAEMCGTYHSMMNFEVRVVTPNDFKAYLQQRIDGKTNAEALRAINQPPLAVTTHPFDTRRGELAPQPVG,1-46,47-363,0.8261
tr|I6XFA6|I6XFA6_MYCTU,171,LIPO,MRAWLAAATTALFVVATG,CSSATNVAELKVGDCVKLAGTPDRPQATKAECGSPASNFKVVAVVQEDHAECPADVDSTYSMRNAFNGSTNTICLDIDWVIGGCMSVDPTHNTDPFRVDCDDASVPHRQRATQILKDLDSPVSVDQCASGVGYVYTQRRFAVCVEDVTGGPRS,1-18,19-171,0.994
tr|L7N6B2|L7N6B2_MYCTU,330,TATLIPO,MRQGCSRRGFLQVAEAAAATGLFAG,CSSPKPPPGTPGGAAVTITHLFGQTVIKEPPKRVVSAGYTEQDDLLAVDVVPIAVTDWFGDQPFAVWPWAAPKLGGARPAVLNLDNGIQIDRIAALKPDLIVAINAGVDADTYQQLSAIAPTVAQSGGDAFFEPWKDQARSIGQAVFAADRMRSLIEAVDQKFAAVAQRHPRWRGKKALLLQGRLWQGNVVATLAGWRTDFLNDMGLVIADSIKPFAVDQRGVIPRDHIKAVLDAADVLIWMTESPEDEKALLADPEIAASQATAQRRHIFTSKEQAGAIAFSSVLSYPVVAEQLPPQISQILGA,1-25,26-330,0.8835
tr|O53716|O53716_MYCTU,302,LIPO,MRILVAWATCGAVVLSGLTG,CSGSSHSGRTYGAQSARTGESLAVLGWNMSVSNLRWSGDYVLIDVDASPTDPHAPHAKPEDIRFGLYGALAHPMESAALGSCGDAMAHVRDVVSPLSAPAGRLTGTVCLGPLKERSAVRGVYTYSPRDRIPGTAAAYPAAFPVGMLPTNQNDAGLVVKTTSVSAWRADGMQLGKPQLGDPVAFTGNGYMLLGLEVDAVPDRYRDDSAARGGPMMLLAAPTLPGRGLSPACATYGSSVLILPDALLDAVHISASLCTQGEINEALLYATVATVGTHAALWTSR,1-20,21-302,0.9975
sp|P9WGE9|SODC_MYCTU,240,LIPO,MPKPADHRNHAAVSTSVLSALFLGAGAALLSA,CSSPQHASTVPGTTPSIWTGSPAPSGLSGHDEESPGAQSLTSTLTAPDGTKVATAKFEFANGYATVTIATTGVGKLTPGFHGLHIHQVGKCEPNSVAPTGGAPGNFLSAGGHYHVPGHTGTPASGDLASLQVRGDGSAMLVTTTDAFTMDDLLSGAKTAIIIHAGADNFANIPPERYVQVNGTPGPDETTLTTGDAGKRVACGVIGSG,1-32,33-240,0.9447
sp|P9WQP1|A85B_MYCTU,325,TAT,MTDVSRKIRAWGRRLMIGTAAAVVLPGLVGLAGGAATAGA,FSRPGLPVEYLQVPSPSMGRDIKVQFQSGGNNSPAVYLLDGLRAQDDYNGWDINTPAFEWYYQSGLSIVMPVGGQSSFYSDWYSPACGKAGCQTYKWETFLTSELPQWLSANRAVKPTGSAAIGLSMAGSSAMILAAYHPQQFIYAGSLSALLDPSQGMGPSLIGLAMGDAGGYKAADMWGPSSDPAWERNDPTQQIPKLVANNTRLWVYCGNGTPNELGGANIPAEFLENFVRSSNLKFQDAYNAAGGHNAVFNFPPNGTHSWEYWGAQLNAMKGDLQSSLGAG,1-40,41-325,0.3956
tr|I6YAE2|I6YAE2_MYCTU,181,TATLIPO,MLRAAPVINRLTNRPISRRGVLAGGAALAALGVVSA,CGESAPKAPAVEELRSPLDQARHDGALAAAAATAIGIPPQVAAALTVVATQRTSHARALATEIARAAGKLVSATSETSSSSPSPTDPAAPPPAVSDVIDSLRTSAGEASRLVATTSGYRAGLLASIAASCTASYTVALVPSGPSI,1-36,37-181,0.8198
sp|O53380|DACB1_MYCTU,405,SP,MAFLRSVSCLAAAVFAVGTGIGLPTAAG,EPNAAPAACPYKVSTPPAVDSSEVPAAGEPPLPLVVPPTPVGGNALGGCGIITAPGSAPAPGDVSAEAWLVADLDSGAVIAARDPHGRHRPASVIKVLVAMASINTLTLNKSVAGTADDAAVEGTKVGVNTGGTYTVNQLLHGLLMHSGNDAAYALARQLGGMPAALEKINLLAAKLGGRDTRVATPSGLDGPGMSTSAYDIGLFYRYAWQNPVFADIVATRTFDFPGHGDHPGYELENDNQLLYNYPGALGGKTGYTDDAGQTFVGAANRDGRRLMTVLLHGTRQPIPPWEQAAHLLDYGFNTPAGTQIGTLIEPDPSLMSTDRNPADRQRVDPQAAARISAADALPVRVGVAVIGALIVFGLIMVARAMNRRPQH,1-28,29-405,0.9696
sp|O53505|LPPM_MYCTU,227,LIPO,MARTRRRGMLAIAMLLMLVPLATG,CLRVRASITISPDDLVSGEIIAAAKPKNSKDTGPALDGDVPFSQKVAVSNYDSDGYVGSQAVFSDLTFAELPQLANMNSDAAGVNLSLRRNGNIVILEGRADLTSVSDPDADVELTVAFPAAVTSTNGDRIEPEVVQWKLKPGVVSTMSAQARYTDPNTRSFTGAGIWLGIAAFAAAGVVAVLAWIDRDRSPRLTASGDPPTS,1-24,25-227,0.9965
sp|P9WIB5|PHLA_MYCTU,520,TAT,MSASPLLGMSRREFLTKLTGAGAAAFLMDWAAPVIEKAYG,AGPCPGHLTDIEHIVLLMQENRSFDHYFGTLSSTNGFNAASPAFQQMGWNPMTQALDPAGVTIPFRLDTTRGPFLDGECVNDPEHQWVGMHLAWNGGANDNWLPAQATTRAGPYVPLTMGYYTRQDIPIHYLLADTFTICDGYHCSLLTGTLPNRLYWLSANIDPAGTDGGPQLVEPGFLPLQQFSWRIMPENLEDAGVSWKVYQNKGLGRFINTPISNNGLVQAFRQAADPRSNLARYGIAPTYPGDFAADVRANRLPKVSWLVPNILQSEHPALPVALGAVSMVTALRILLSNPAVWEKTALIVSYDENGGFFDHVTPPTAPPGTPGEFVTVPNIDAVPGSGGIRGPLGLGFRVPCIVISPYSRGPLMVSDTFDHTSQLKLIRARFGVPVPNMTAWRDGVVGDMTSAFNFATPPNSTRPNLSHPLLGALPKLPQCIPNVVLGTTDGALPSIPYRVPYPQVMPTQETTPVRGTPSGLCS,1-40,41-520,0.6699
sp|P9WIN7|MTB12_MYCTU,168,SP,MKMVKSIAAGLTAAAAIGAAAAGVTSIMA,GGPVVYQMQPVVFGAPLPLDPASAPDVPTAAQLTSLLNSLADPNVSFANKGSLVEGGIGGTEARIADHKLKKAAEHGDLPLSFSVTNIQPAAAGSATADVSVSGPKLSSPVTQNVTFVNQGGWMLSRASAMELLQAAGN,1-29,30-168,0.9532
sp|P9WLL5|Y2075_MYCTU,487,SP,MPRARWLQSAALMGALAVVLITAAPVAADA,YQVPAPPSPTASCDVISPVAIPCVALGKFADAVAAECRRVGVPDARCVLPLAHRVTQAARDAYLQSWVHRTARFQDALQDPVPLRETQWLGTHNSFNSLSDSFTVSHADSNQQLSLAQQLDIDVRALELDLHYLPRLEGHGAPGVTVCHGLGPKNANLGCTVEPLLATVLPQIANWLNAPGHTEEVILLYLEDQLKNASAYESVVATLDQVLRRADGTSLIYRPNPARRATNGCVPLPLDVSREEIRASGARAVLVGSCAPGWSAAVFDWSGVELESGSNSGYRPYPACDATYGRGVYAWRLVRYYEDSTLATALANPTRPPANPQALTPPKVPAMTDCGVNLFGFDQLLPEDGRIQASLWSWAPDEPRAGAGACALQGADGRWVAASCGDPHPAACRDAAGRWTVTPAPVVFAGAALACTAIGADFTLPRTGNQNARLHAVAGPAGGAWVHYLLPP,1-30,31-487,0.5316
sp|P9WM33|Y1291_MYCTU,111,SP,MFTRRFAASMVGTTLTAATLGLAALGFAGTASA,SSTDEAFLAQLQADGITPPSAARAIKDAHAVCDALDEGHSAKAVIKAVAKATGLSAKGAKTFAVDAASAYCPQYVTSS,1-33,34-111,0.9645
tr|O53179|O53179_MYCTU,48,SP,MAFRDILVLFSMKTLLTLAMAAASSTA,LTTVGVSGARLITYCVGVEDI,1-27,28-48,0.4303
tr|O53971|O53971_MYCTU,377,LIPO,MRIGLTLVMIAAVVAS,CGWRGLNSLPLPGTQGNGPGSFAVQAQLPDVNNIQPNSRVRVADVTVGHVTKIERQGWHALVTMRLDGDVDLPANATAKIGTTSLLGSYHIELAPPKGEARQGKLRDGSLIALSHGSAYPSTEQTLAALSLVLNGGGLGQVQDITEALSTAFAGREHDLRGLIGQLDTFTAYLNNQSGDIIAATDSLNRLVGKFADQQPVFDRALATIPDALAVLADERDTLVEAAEQLSKFSALTVDSVNKTTANLVTELRQLGPVLESLANSGPALTRSLSLLATFPFPNETFQNFQRGEYANLTAIVDLTLSRIDQGLLTGTRWECHLTQLELQWGRTIGQFPSPCTAGYRGTPGNPLTIAYRWDQGP,1-16,17-377,0.9636
sp|P9WHU5|RIPB_MYCTU,241,SP,MRHTRFHPIKLAWITAVVAGLMVGVATPADA,EPGQWDPTLPALVSAGAPGDPLAVANASLQATAQATQTTLDLGRQFLGGLGINLGGPAASAPSAATTGASRIPRANARQAVEYVIRRAGSQMGVPYSWGGGSLQGPSKGVDSGANTVGFDCSGLVRYAFAGVGVLIPRFSGDQYNAGRHVPPAEAKRGDLIFYGPGGGQHVTLYLGNGQMLEASGSAGKVTVSPVRKAGMTPFVTRIIEY,1-31,32-241,0.9682
sp|P9WK41|LPRI_MYCTU,197,LIPO,MRWIGVLVTALVLSA,CAANPPANTTSPTAGQSLDCTKPATIVQQLVCHDRQLTSLDHRLSTAYQQALAHRRSAALEAAQSSWTMLRDACAQDTDPRTCVQEAYQTRLVQLAIADPATATPPVLTYRCPTQDGPLTAQFYNQFDPKTAVLNWKGDQVIVFVELSGSGARYGRQGIEYWEHQGEVRLDFHGATFVCRTS,1-15,16-197,0.9974
sp|P9WL77|Y2585_MYCTU,557,LIPO,MAPRRRRHTRIAGLRVVGTATLVAATTLTA,CSGSAAAQIDYVVDGALVTYNTNTVIGAASAGAQAFARTLTGFGYHGPDGQVVADRDFGTVSVVEGSPLILDYQISDDAVYSDGRPVTCDDLVLAWAAQSGRFPGFDAATQAGYVDIANIECTAGQKKARVSFIPDRSVVDHSQLFTATSLMPSHVIADQLHIDVTAALLSNNVSAVEQIARLWNSTWDLKPGRSHDEVRSRFPSSGPYKIESVLDDGAVVLVANDRWWGTKAITKRITVWPQGADIQDRVNNRSVDVVDVAAGSSGSLVTPDSYQRTDYPSAGIEQLIFAPQGSLAQSRTRRALALCVPRDAIARDAGVPIANSRLSPATDDALTDADGAAEARQFGRVDPAAARDALGGTPLTVRIGYGRPNARLAATIGTIADACAPAGITVSDVTVDTPGPQALRDGKIDVLLASTGGATGSGSSGSCAMDAYDLHSGNGNNLSGYANAQIDGIISALAVSADPAERARLLAEAAPVLWDEMPTLPLYRQQRTLLMSTKMYAVSRNPTRWGAGWNMDRWALAR,1-30,31-557,0.827
sp|P9WM43|Y1271_MYCTU,113,SP,MLSPLSPRIIAAFTTAVGAAAIGLAVATAGTAGA,NTKDEAFIAQMESIGVTFSSPQVATQQAQLVCKKLASGETGTEIAEEVLSQTNLTTKQAAYFVVDATKAYCPQYASQLT,1-34,35-113,0.9587
sp|P9WNF3|MP83_MYCTU,220,LIPO,MINVQAKPAAAASLAAIAIAFLAG,CSSTKPVSQDTSPKPATSPAAPVTTAAMADPAADLIGRGCAQYAAQNPTGPGSVAGMAQDPVATAASNNPMLSTLTSALSGKLNPDVNLVDTLNGGEYTVFAPTNAAFDKLPAATIDQLKTDAKLLSSILTYHVIAGQASPSRIDGTHQTLQGADLTVIGARDDLMVNNAGLVCGGVHTANATVYMIDTVLMPPAQ,1-24,25-220,0.9927
sp|I6YF08|ESTR2_MYCTU,227,SP,MRYLIATAVLVAVVLVGWPAAG,APPSCAGLGGTVQAGQICHVHASGPKYMLDMTFPVDYPDQQALTDYITQNRDGFVNVAQGSPLRDQPYQMDATSEQHSSGQPPQATRSVVLKFFQDLGGAHPSTWYKAFNYNLATSQPITFDTLFVPGTTPLDSIYPIVQRELARQTGFGAAILPSTGLDPAHYQNFAITDDSLIFYFAQGELLPSFVGACQAQVPRSAIPPLAI,1-22,23-227,0.9811
tr|I6YGJ4|I6YGJ4_MYCTU,237,LIPO,MGKQLAALAALVGACMLAAG,CTNVVDGTAVAADKSGPLHQDPIPVSALEGLLLDLSQINAALGATSMKVWFNAKAMWDWSKSVADKNCLAIDGPAQEKVYAGTGWTAMRGQRLDDSIDDSKKRDHYAIQAVVGFPTAHDAEEFYSSSVQSWSSCSNRRFVEVTPGQDDAAWTVADVVNDNGMLSSSQVQEGGDGWTCQRALTARNNVTIDIVTCAYSQPDLVAIGIANQIAAKVAKQ,1-20,21-237,0.9925
sp|L7N6B0|LPQI_MYCTU,388,LIPO,MAFPRTLAILAAAAALVVA,CSHGGTPTGSSTTSGASPATPVAVPVPRSCAEPAGIPALLSPRDKLAQLLVVGVRDAADAQAVVTNYHVGGILIGSDTDLTIFDGALAEIVAGGGPLPLAVSVDEEGGRVSRLRSLIGGTGPSARELAQTRTVQQVRDLARDRGRQMRKLGITIDFAPVVDVTDAPDDTVIGDRSFGSDPATVTAYAGAYAQGLRDAGVLPVLKHFPGHGRGSGDSHNGGVTTPPLDDLVGDDLVPYRTLVTQAPVGVMVGHLQVPGLTGSEPASLSKAAVNLLRTGTGYGAPPFDGPVFSDDLSGMAAISDRFGVSEAVLRTLQAGADIALWVTTKEVPAVLDRLEQALRAGELPMSAVDRSVVRVATMKGPNPGCGR,1-19,20-388,0.9946
tr|O06556|O06556_MYCTU,227,SP,MPTIWTFVRAAAVLVGSSAALLTGGIAHA,DPAPAPAPAPNIPQQLISSAANAPQILQNLATALGATPPLSAPKVAEPAPAAPGITATFPGLTPAAPAAAAAPALTPSIPGVNAPIPGITPAAPALPVTAPAAAPTIPGVNAPIPGITAPAPAAAAVPASVPGVPSAKVDLPQLPYLPLQVPQQLSLPADLPALASGVIPAAPIAPTPPAPGAPALPPGPPSLLAALP,1-29,30-227,0.9722
tr|O69725|O69725_MYCTU,315,LIPO,MRMLRRLRRATVAAAVWLATVCLVAS,CANADPLGSATGSVKSIVVGSGDFPESQVIAEIYAQVLQANGFDVGRRLGIGSRETYILALKDHSIDLVPEYIGNLLLYFQPDATVTMLDAVELELYKRLPGDLSILTPSPASDTDTVTVTAATAARWNLKTIADLAPHSADVKFAAPSAFQTRPSGLPGLRHKYSLDIAPGNFVTINDGGGAVTVRALVEGTATAANLFSTSAAIPQNHLVVLEDPEHNFLAGNIVPLVNSRKKSDHLKDVLDAVSAKLTTAGLAELNAAVSGNSGVDPDQAARKWVRDNGFDHPVRQ,1-26,27-315,0.4915
tr|P71744|P71744_MYCTU,356,LIPO,MLSLTLSEASCIASASRWRHIIPAGVVCALIAGIGVG,CHGGPSDVVGRAGPDRAHTSITLVAYAVPEPGWSAVIPAFNASEQGRGVQVITSYGASADQSRGVADGKPADLVNFSVEPDIARLVKAGKVDKDWDADATKGIPFGSVVTFVVRAGNPKNIRDWDDLLRPGIEVITPSPLSSGSAKWNLLAPYAAKSDGGRNNQAGIDFVNTLVNEHVKLRPGSGREATDVFVQGSGDVLISYENEAIATERAGKPVQHVTPPQTFKIENPLAVVATSTHLGAATAFRNFQYTVQAQKLWAQAGFRPVDPAVAADFADLFPVPAKLWTIADLGGWGSVDPQLFDKATGSITKIYLRATG,1-37,38-356,0.7691
sp|P9WK67|LPPW_MYCTU,314,LIPO,MRARPLTLLTALAAVTLVVVAG,CEARVEAEAYSAADRISSRPQARPQPQPVELLLRAITPPRAPAASPNVGFGELPTRVRQATDEAAAMGATLSVAVLDRATGQLVSNGNTQIIATASVAKLFIADDLLLAEAEGKVTLSPEDHHALDVMLQSSDDGAAERFWSQDGGNAVVTQVARRYGLRSTAPPSDGRWWNTISSAPDLIRYYDMLLDGSGGLPLDRAAVIIADLAQSTPTGIDGYPQRFGIPDGLYAEPVAVKQGWMCCIGSSWMHLSTGVIGPERRYIMVIESLQPADDATARATITQAVRTMFPNGRI,1-22,23-314,0.7779
tr|Q79F96|Q79F96_MYCTU,539,SP,MAATVVIVAWIANRPPASS,HEPSPTPNTQLAEQPLIGLGGGVTVRELTQDTPFSLVALTGDLAGTSARVRAKRPDGDWGPWYQTEYETEPRDPAGTDGSVELGGLNPGPRSTDPVFVGTTTTVQVAVTRPIDAPITQPPAGRPPNDLLDSGLGYRPATKEQPFGQNISAILISPPQAPPGTQWTPPTAVTMAGQPPAIISRAEWGADESLRCETPEYDRGVRAAVVHHTAGSNDYSPLESAGIVKAIYTYHSKTLGWCDIAYNALVDKYGQVFEGSAGGLTKPVEGFHTGGFNRNTWGVAMIGNFDDVAPTPIQIRTVGRLLGWRLGMDDVDPRSMVDLQSAGSSYTTFPGGAIARLPAIFTHRDVGNTDCPGNAAYAVMDEIRDIAAHFNDPPEELIKALEGGAIYQRWQALGGMNSALGAPTSPEADAADGARYATFAKGAMYWSPVTDAQPITGAIYEAWASQSYERGPLGLPTSAEIQEPLQITQNFQHGTLNFERLTGNVTEVVDGITTPLATRPPSGPTVPPEHFTLPTHPIT,1-19,20-539,0.3711
tr|Q79FG2|Q79FG2_MYCTU,143,SP,MEEVPTGPPAMGHRACGGQKAAFPTRMNSGVEKMYKNSIAIAIGTLTMAVEFSMVSANA,EPAPPPGQDPHMPNSAMGYCPGGGFGGITGWGYCDGIRYPDGSYWHQVRVPAPFVGTTLTLSCVIDDGSPVPPLAAPGSCGGGA,1-59,60-143,0.6384
tr|I6Y4F1|I6Y4F1_MYCTU,124,SP,MKWNTVAASLAAGVITIAVALAAPPPAAHA,KNGDTHVTGQGIERTLDCNESTLLVNGTQNIVTALGTCWAVTVMGSSNTVVADTIINDITVYGWDETVFFRNGDPFIWDRGRELGMVNRLQRVG,1-30,31-124,0.9615
sp|O53177|RPFE_MYCTU,172,SP,MKNARTTLIAAAIAGTLVTTSPAGIANA,DDAGLDPNAAAGPDAVGFDPNLPPAPDAAPVDTPPAPEDAGFDPNLPPPLAPDFLSPPAEEAPPVPVAYSVNWDAIAQCESGGNWSINTGNGYYGGLRFTAGTWRANGGSGSAANASREEQIRVAENVLRSQGIRAWPVCGRRG,1-28,29-172,0.9672
sp|O53423|GDSLL_MYCTU,314,TAT,MPRRSTIALATAGALASTGTAYLGARNLLVGQA,THARTVIPKSFDAPPRADGVYTRGGGPVQRWRREVPFDVHLMIFGDSTATGYGCASAEEVPGVLIARGLAEQTGKRIRLSTKAIVGATSKGVCGQVDAMFVVGPPPDAAVIMIGANDITALNGIGPSAQRLADCVRRLRTRGAVVVVGTCPDLGVITAIPQPLRALAHTRGVRLARAQTAAVKAAGGVPVPLGHLLAPKFRAMPELMFSADRYHPSAPAYALAADLLFLALRDALTEKLDIPIHETPSRPGTATLEPGHTRHSMMSRLRRPRPARAVPTGG,1-33,34-314,0.2712
tr|O53846|O53846_MYCTU,214,LIPO,MCCSTAAKSAVIVCCAAIATTA,CSFQATSTQPSTAPPTSRVDSLIVSIEDVRRIANYEELAAHFQTDLREPPEADTNVPGPCRVVGSSDRTFGTDWSEFRSAGYHGVTDDLRPGGPVMVETVSQAIALYPDPSTARGVFHRLESSLAECAGLHDPYFDFILDRPDASTVRIGAAGWSHVYRLKSSVFISVGVLGIEPAEPIANVILQTISDRIQ,1-22,23-214,0.9969
tr|P96903|P96903_MYCTU,304,LIPO,MPWARMLSLIVLMVCLAG,CGGDQLLARHASSVATFQFGGLTRSYRLHVPPAEPSGLVISLHGGGGTGAGQEALTDFDAVADAADLLVVYPDGYDKSWADGRGASPADRRHLDDVGFLVALAAKLVHDFDIAPGHVFATGMSNGGFMSNRLACDRADIFAAVAPVAGTLGVGVTCNPSRPVSVLEAHGTADPLVPFNGGAVRGRGGLSHSISVASLVDRWRAVDGCQGDPSAAELPDVGDGTMVHLFDSSSCAAGTEVISYQIDNGGHTWPGGRQYLPKAVIGATTRAFDGSQVIAQFFATHGRD,1-18,19-304,0.9977
sp|P9WIB3|PHLB_MYCTU,521,TAT,MGSEHPVDGMTRRQFFAKAAAATTAGAFMSLAGPIIEKAYG,AGPCPGHLTDIEHIVLLMQENRSFDHYFGTLSDTRGFDDTTPPVVFAQSGWNPMTQAVDPAGVTLPYRFDTTRGPLVAGECVNDPDHSWIGMHNSWNGGANDNWLPAQVPFSPLQGNVPVTMGFYTRRDLPIHYLLADTFTVCDGYFCSLLGGTTPNRLYWMSAWIDPDGTDGGPVLIEPNIQPLQHYSWRIMPENLEDAGVSWKVYQNKLLGALNNTVVGYNGLVNDFKQAADPRSNLARFGISPTYPLDFAADVRNNRLPKVSWVLPGFLLSEHPAFPVNVGAVAIVDALRILLSNPAVWEKTALIVNYDENGGFFDHVVPPTPPPGTPGEFVTVPDIDSVPGSGGIRGPIGLGFRVPCLVISPYSRGPLMVHDTFDHTSTLKLIRARFGVPVPNLTAWRDATVGDMTSTFNFAAPPNPSKPNLDHPRLNALPKLPQCVPNAVLGTVTKTAIPYRVPFPQSMPTQETAPTRGIPSGLC,1-41,42-521,0.6701
tr|O53489|O53489_MYCTU,218,LIPO,MRIAALVAVSLLIAG,CSREVGGDVGQSQTIAPPAPAPSAAPSTPPAAGAPITTIVSWIEAGHPVDPAAYHVATRDGVTTQLGDDVAFSASSGTVACMTDARHTSGTLACLVRLANPPPRPETAYGEWKGGWVDFDGIHLQVGSARADPGPFVYGNGPELANGDTLSIGDYRCRSYQAGLFCVNYAHQSAVRFASAGIEPFGCLKPAPPPDGVGVAFGC,1-15,16-218,0.9958
sp|P9WKQ1|SMASE_MYCTU,490,SP,MDYAKRIGQVGALAVVLGVGAAVTTHAIGSA,APTDPSSSSTDSPVDACSPLGGSASSLAAIPGASVPQVGVRQVDPGSIPDDLLNALIDFLAAVRNGLVPIIENRTPVANPQQVSVPEGGTVGPVRFDACDPDGNRMTFAVRERGAPGGPQHGIVTVDQRTASFIYTADPGFVGTDTFSVNVSDDTSLHVHGLAGYLGPFHGHDDVATVTVFVGNTPTDTISGDFSMLTYNIAGLPFPLSSAILPRFFYTKEIGKRLNAYYVANVQEDFAYHQFLIKKSKMPSQTPPEPPTLLWPIGVPFSDGLNTLSEFKVQRLDRQTWYECTSDNCLTLKGFTYSQMRLPGGDTVDVYNLHTNTGGGPTTNANLAQVANYIQQNSAGRAVIVTGDFNARYSDDQSALLQFAQVNGLTDAWVQVEHGPTTPPFAPTCMVGNECELLDKIFYRSGQGVTLQAVSYGNEAPKFFNSKGEPLSDHSPAVVGFHYVADNVAVR,1-31,32-490,0.9644
tr|Q79FZ8|Q79FZ8_MYCTU,100,SP,MSRWKQGWTRGSLFAALNIAAVVAVLMLGAGVAVA,DPDAAPGDPGGPGAPGAQRDPSTRRQLTCWRRHPTRWRCRRHLTRWRRRHLTRSRRPRLTRWQCR,1-35,36-100,0.9667
sp|P9WKE7|KHSE_MYCTU,316,SP,MVTQALLPSGLVASAVVAASSANL,GPGFDSVGLALSLYDEIIVETTDSGLTVTVDGEGGDQVPLGPEHLVVRAVQHGLQAAGVSAAGLAVRCRNAIPHSRGLGSSAAAVVGGLAAVNGLVVQTDSSPSSDAELIQLASEFEGHPDNAAAAVLGGAVVSWTDHSGDRPNYSAVSLRLHPDIRLFTAIPEQRSSTAETRVLLPAQVSHDDARFNVSRAALLVVALTERPDLLMAATEDLLHQPQRAAAMTASAEYLRLLRRHNVAAALSGAGPSLIALSTDSELPTDAVEFGAAKGFAVTELTVGEAVRWSPTVRVPG,1-24,25-316,0.5527
tr|Q79FA5|Q79FA5_MYCTU,80,SP,MDVIRWARRLAVVAGTAAAVTTPGLLSAHVPMVSA,EPCPDVEVVFARGTGEPPGIGSVGGLFVDALRFPGWRQVTRGLRR,1-35,36-80,0.9624
tr|O07236|O07236_MYCTU,218,LIPO,MSRLLALLCAAVCTG,CVAVVLAPVSLAVVNPWFANSVGNATQVVSVVGTGGSTAKMDVYQRTAAGWQPLKTGITTHIGSAGMAPEAKSGYPATPMGVYSLDSAFGTAPNPGGGLPYTQVGPNHWWSGDDNSPTFNSMQVCQKSQCPFSTADSENLQIPQYKHSVVMGVNKAKVPGKGSAFFFHTTDGGPTAGCVAIDDATLVQIIRWLRPGAVIAIAK,1-15,16-218,0.4614
tr|O33364|O33364_MYCTU,300,TAT,MLRRGCAGNTDRRGIMTPMADLTRRALLRWGAGAGAGAAGVWAFGALVDPLEPQA,APAPFEPPTAGSSLPTRISGSFISAARGGIKTNWVISMPPGQSGQLRPVIALHGKDGNAGMMLDLGVEQGLARLVKEGKPAFAVVGVDGGNTYWHRRSSGGDSGAMVLDELLPMLTSMGMDTSRVGFLGWSMGGYGALLLGARLGPARTAGICAISPALFTSFTGSTPGAFDSYDDYVQHSVLGLPALNSIPLRVDCGTSDRFYFATRQFVNQLHQPPAGSFSPGGHDASYWREQLPGELAWMAS,1-55,56-300,0.9203
tr|O07417|O07417_MYCTU,390,LIPO,MMSVLARMRVMRHRAWQGLVLLVLALLLSS,CGWRGISNVAIPGGPGTGPGSYTIYVQMPDTLAINGNSRVMVADVWVGSIRAIKLKNWVATLTLSLKKDVTLPKNATAKIGQTSLLGSQHVELAAPPDPSPVPLKDGDTIPLKRSSAYPTTEQTLASIATLLRGGGLVNLEGIQQEINAIVTGRADQIRAFLGKLDTFTDELNQQRDDITRAIDSTNRLLAYVGGRSEVLNRVLTDLPPLIKHFADKQELLINASDAVGRLSQSADQYLSAARGDLHQDLQALQCPLKELRRAAPYLVGALKLILTQPFDVDTVPQLVRGDYMNLSLTLDLTYSAIDNAFLTGTGFSGALRALEQSFGRDPETMIPDIRYTPNPNDAPGGPLVERGNRQC,1-30,31-390,0.9962
tr|O53527|O53527_MYCTU,167,SP,MSGHRKKAMLALAAASLAATLAPNAVAA,AEPSWNGQYLVTLSANAKTGTSMAANRPEYPHKANYTFSSRCASDVCIATVVDAPPPKNEFIPRPIEYTWNGTQWVREISWQWDCLLPDGTIEYAPAKSITAYTPGQYGILTGVFHTDIASGTCKGNVDMPVSAKPIVG,1-28,29-167,0.9713
sp|O53695|MYCP3_MYCTU,461,SP,MIRAAFACLAATVVVAGWWTPPAWA,IGPPVVDAAAQPPSGDPGPVAPMEQRGACSVSGVIPGTDPGVPTPSQTMLNLPAAWQFSRGEGQLVAIIDTGVQPGPRLPNVDAGGDFVESTDGLTDCDGHGTLVAGIVAGQPGNDGFSGVAPAARLLSIRAMSTKFSPRTSGGDPQLAQATLDVAVLAGAIVHAADLGAKVINVSTITCLPADRMVDQAALGAAIRYAAVDKDAVIVAAAGNTGASGSVSASCDSNPLTDLSRPDDPRNWAGVTSVSIPSWWQPYVLSVASLTSAGQPSKFSMPGPWVGIAAPGENIASVSNSGDGALANGLPDAHQKLVALSGTSYAAGYVSGVAALVRSRYPGLNATEVVRRLTATAHRGARESSNIVGAGNLDAVAALTWQLPAEPGGGAAPAKPVADPPVPAPKDTTPRNVAFAGAAALSVLVGLTAATVAIARRRREPTE,1-25,26-461,0.9715
tr|P94983|P94983_MYCTU,268,SP,MIYRVACLLARIRFTVGYVAALASVSTTILMHGPQVHA,QVIRHASTNLHNLAHGHLGTLWNSAFVIDEGPLYFWLPCLACLLAVAELQLRSLRLTVAFVVGHIGATLLVAAVLAGAIEIGWLPWSISRVSDVGMSYGALAALGALTAAIPGRWRPAWIGWWVSLGLATATIGGGFTDAGHTVALLLGMLVTACFTRPARWTLGRCALLAVASGFCLVLLAHSWWSLVSGSALGLLGALGAAGFARWTRARATSLPPGALAIPQPALSR,1-38,39-268,0.834
sp|P9WFJ5|Y2345_MYCTU,660,SP,MRLVRLLGMVLTILAAGLLLGPPAGA,QPPFRLSNYVTDNAGVLTSSGRTAVTAAVDRLYADRRIRLWVVYVENFSGQSALNWAQRTTRTSELGNYDALLAVATTGREYAFLVPSAMPGVSEGQVDNVRRYQIEPALHDGDYSGAAVAAANGLNRSPSSSSRVVLLVTVGIIVIVVAVLLVVMRHRNRRRRADELAAARRVDPTNVMALAAVPLQALDDLSRSMVVDVDNAVRTSTNELALAIEEFGERRTAPFTQAVNNAKAALSQAFTVRQQLDDNTPETPAQRRELLTRVIVSAAHADRELASQTEAFEKLRDLVINAPARLDLLTQQYVELTTRIGPTQQRLAELHTEFDAAAMTSIAGNVTTATERLAFADRNISAARDLADQAVSGRQAGLVDAVRAAESALGQARALLDAVDSAATDIRHAVASLPAVVADIQTGIKRANQHLQQAQQPQTGRTGDLIAARDAAARALDRARGAADPLTAFDQLTKVDADLDRLLATLAEEQATADRLNRSLEQALFTAESRVRAVSEYIDTRRGSIGPEARTRLAEAKRQLEAAHDRKSSNPTEAIAYANAASTLAAHAQSLANADVQSAQRAYTRRGGNNAGAILGGIIIGDLLSGGTRGGLGGWIPTSFGGSSNAPGSSPDGGFLGGGGRF,1-26,27-660,0.9772
sp|P9WFN5|Y1910_MYCTU,201,LIPO,MESTVAHAFHRFALAILGLALPVALVA,YGGNGDSRKAAPLAPKAAALGRSMPETPTGDVLTISSPAFADGAPIPEQYTCKGANIAPPLTWSAPFGGALVVDDPDAPREPYVHWIVIGIAPGAGSTADGETPGGGISLPNSSGQPAYTGPCPPAGTGTHHYRFTLYHLPAVPPLAGLAGTQAARVIAQAATMQARLIGTYEG,1-27,28-201,0.9941
sp|P9WNF5|MP70_MYCTU,193,SP,MKVKNTIAATSFAAAGLAALAVAVSPPAAA,GDLVGPGCAEYAAANPTGPASVQGMSQDPVAVAASNNPELTTLTAALSGQLNPQVNLVDTLNSGQYTVFAPTNAAFSKLPASTIDELKTNSSLLTSILTYHVVAGQTSPANVVGTRQTLQGASVTVTGQGNSLKVGNADVVCGGVSTANATVYMIDSVLMPPA,1-30,31-193,0.9619
tr|O53953|O53953_MYCTU,108,SP,MRVVSTLLSIPLMIGLAVPAHA,GPSGDDAVFLASLERAGITYSHPDQAIASGKAVCALVESGESGLQVVNELRTRNPGFSMDGCCKFAAISAHVYCPHQITKTSVSAK,1-22,23-108,0.9695
tr|P71740|P71740_MYCTU,251,LIPO,MTNRWRWVVPLFAVFLAAG,CTTTTTGKAGLAPNAVPRPLMGSLIQRVPLDGAALSTLLNQPFQALPPFPPVFGGSDSLGDSDVSARPADCVGVGYLTQRNVYRSVEVKSVARVSWRHDGSSVKVDDVDEGVVALPSAAAADDLFARFSAQWKECDGTTLTVPASAFGQRSITDVRVADSVVAATVSLRRGTHSILASVPQARAVGVRGNCVVEVAVTFFGITHPSDQGSADISTSAVDIAHAMMDRISELS,1-19,20-251,0.9967
sp|P9WK55|LPRA_MYCTU,244,LIPO,MKHPPCSVVAAATAILAVVLAIGG,CSTEGDAGKASDTAATASNGDAAMLLKQATDAMRKVTGMHVRLAVTGDVPNLRVTKLEGDISNTPQTVATGSATLLVGNKSEDAKFVYVDGHLYSDLGQPGTYTDFGNGASIYNVSVLLDPNKGLANLLANLKDASVAGSQQADGVATTKITGNSSADDIATLAGSRLTSEDVKTVPTTVWIASDGSSHLVQIQIAPTKDTSVTLTMSDWGKQVTATKPV,1-24,25-244,0.9955
sp|P9WK59|LPQT_MYCTU,226,LIPO,MAGRRCPQDSVRPLAVAVAVATLAMSAVA,CGPKSPDFQSILSTSPTTSAVSTTTEVPVPLWKYLESVGVTGEPVAPSSLTDLTVSIPTPPGWAPMKNPNITPNTEMIAKGESYPTAMLMVFKLHRDFDIAEALKHGTADARLSTNFTELDSSTADFNGFPSSMIQGSYDLHGRRLHTWNRIVFPTGAPPAKQRYLVQLTITSLANEAVKHASDIEAIIAGFVVAAK,1-29,30-226,0.8054
sp|P9WLR9|Y1815_MYCTU,221,SP,MVRLVPRAFAATVALLAAGFSPATASA,DPVLVFPGMEIRQDNHVCTLGYVDPALKIAFTAGHCRGGGAVTSRDYKVIGHLRAIRDNTPSGSTVATHELIADYEAIVLADDVTASNILPSGRALESRPGVVLHPGQAVCHFGVSTGETCGTVESVNNGWFTMSHGVLSEKGDSGGPVYLAPDGGPAQIVGIFNSVWGGFPAAVSWRSTSEQVHADLGVTPLA,1-27,28-221,0.9669
sp|P9WQP3|A85A_MYCTU,338,TAT,MQLVDRVRGAVTGMSRRLVVGAVGAALVSGLVGAVGGTATAGA,FSRPGLPVEYLQVPSPSMGRDIKVQFQSGGANSPALYLLDGLRAQDDFSGWDINTPAFEWYDQSGLSVVMPVGGQSSFYSDWYQPACGKAGCQTYKWETFLTSELPGWLQANRHVKPTGSAVVGLSMAASSALTLAIYHPQQFVYAGAMSGLLDPSQAMGPTLIGLAMGDAGGYKASDMWGPKEDPAWQRNDPLLNVGKLIANNTRVWVYCGNGKPSDLGGNNLPAKFLEGFVRTSNIKFQDAYNAGGGHNGVFDFPDSGTHSWEYWGAQLNAMKPDLQRALGATPNTGPAPQGA,1-43,44-338,0.3829
tr|I6YB54|I6YB54_MYCTU,379,TAT,MHRRTALKLPLLLAAGTVLGQAPRAAA,EEPGRWSADRAHRWYQAHGWLVGANYITSNAINQLEMFQPGTYDPRRIDNELGLARFHGFNTVRVFLHDLLWAQDAPGFQTRLAQFVAIAARYHIKPLFVLFDSCWDPLPRPGRQRAPRAGVHNSGWVQSPGAERLDDRRYASTLYNYVTGVLGQFRNDDRVLGWDLWNEPDNPARVYRKVERKDKLERVAELLPQVFRWARTVDPVQPLTSGVWQGNWGDPGRRSTISAIQLDNADVITFHSYAAPAEFEGRIAELAPLQRPILCTEYLARSQGSTVEGILPIAKRHNVGAFNWGLVAGKTQTYLPWDSWDHPYRAPPKVWFHDLLHPNGRPYRDGEVQTIRKLNGMPSQD,1-27,28-379,0.7524
tr|O06295|O06295_MYCTU,186,LIPO,MRLSLIARGMAALLAATALVAG,CNTTIDGRPVASPGSGPTEPTFPTPRPTTAPPGTTAPTLPTTPVSPTAPAGAIPLPPDSNGYVFIETKSGMTRCQINRDSVGCEAPFTNSPLRDGEHANGIHITAGGSVQWVLGNLGAIPTVSIDYRTYEAQGWTIDATTDGTRFTNNRTGHGMFVSIEKVDTF,1-22,23-186,0.9863
tr|O50430|O50430_MYCTU,110,SP,MRLSLTALSAGVGAVAMSLTVGAGVASA,DPVDAVINTTCNYGQVVAALNATDPGAAAQFNASPVAQSYLRNFLAAPPPQRAAMAAQLQAVPGAAQYIGLVESVAGSCNNY,1-28,29-110,0.971
tr|O53740|O53740_MYCTU,148,SP,MSRLSSILRAGAAFLVLGIAAATFPQSAAA,DSTEDFPIPRRMIATTCDAEQYLAAVRDTSPVYYQRYMIDFNNHANLQQATINKAHWFFSLSPAERRDYSEHFYNGDPLTFAWVNHMKIFFNNKGVVAKGTEVCNGYPAGDMSVWNWA,1-30,31-148,0.973
sp|P9WIB1|PHLC_MYCTU,517,TAT,MVSQGAFAGMSRRAFLAKAAGAGAAAVLTDWAAPVIEKAYG,AGPCSGHLTDIEHIVLCLQENRSFDHYFGTLSAVDGFDTPTPLFQQKGWNPETQALDPTGITLPYRINTTGGPNGVGECVNDPDHQWIAAHLSWNGGANDGWLPAQARTRSVANTPVVMGYYARPDIPIHYLLADTFTICDQYFSSLLGGTMPNRLYWISATVNPDGDQGGPQIVEPAIQPKLTFTWRIMPQNLSDAGISWKVYNSKLLGGLNDTSLSRNGYVGSFKQAADPRSDLARYGIAPAYPWDFIRDVINNTLPQVSWVVPLTVESEHPSFPVAVGAVTIVNLIRVLLRNPAVWEKTALIIAYDEHGGFFDHVTPLTAPEGTPGEWIPNSVDIDKVDGSGGIRGPIGLGFRVPCFVISPYSRGGLMVHDRFDHTSQLQLIGKRFGVPVPNLTPWRASVTGDMTSAFNFAAPPDPSPPNLDHPVRQLPKVAKCVPNVVLGFLNEGLPYRVPYPQTTPVQESGPARPIPSGIC,1-41,42-517,0.6583
sp|P9WK47|LPRF_MYCTU,261,LIPO,MNGLISQACGSHRPRRPSSLGAVAILIAATLFATVVAG,CGKKPTTASSPSPGSPSPEAQQILQDSSKATKGLHSVHVVVTVNNLSTLPFESVDADVTNQPQGNGQAVGNAKVRMKPNTPVVATEFLVTNKTMYTKRGGDYVSVGPAEKIYDPGIILDKDRGLGAVVGQVQNPTIQGRDAIDGLATVKVSGTIDAAVIDPIVPQLGKGGGRLPITLWIVDTNASTPAPAANLVRMVIDKDQGNVDITLSNWGAPVTIPNPAG,1-38,39-261,0.9913
sp|P9WK71|LPPO_MYCTU,171,LIPO,MTDPRHTVRIAVGATALGVSALGATLPA,CSAHSGPGSPPSAPSAPAAATVMVEGHTHTISGVVECRTSPAVRTATPSESGTQTTRVNAHDDSASVTLSLSDSTPPDVNGFGISLKIGSVDYQMPYQPVQSPTQVEATRQGKSYTLTGTGHAVIPGQTGMRELPFGVHVTCP,1-28,29-171,0.8224
sp|P9WKD3|BLAC_MYCTU,307,TATLIPO,MRNRGFGRRELLVAMAMLVSVTG,CARHASGARPASTTLPAGADLADRFAELERRYDARLGVYVPATGTTAAIEYRADERFAFCSTFKAPLVAAVLHQNPLTHLDKLITYTSDDIRSISPVAQQHVQTGMTIGQLCDAAIRYSDGTAANLLLADLGGPGGGTAAFTGYLRSLGDTVSRLDAEEPELNRDPPGDERDTTTPHAIALVLQQLVLGNALPPDKRALLTDWMARNTTGAKRIRAGFPADWKVIDKTGTGDYGRANDIAVVWSPTGVPYVVAVMSDRAGGGYDAEPREALLAEAATCVAGVLA,1-23,24-307,0.7035
